Dataset,Parameter,CleanMLPFill0,CleanMLPFill0WelfordZScore,CleanMLPMaskInputWelfordZScore,DualNet,DualNetAdaptiveFastGateNoReplayWelfordZScore,DualNetAdaptiveFastGatePrototypeMemoryWelfordZScore,DualNetAdaptiveFastGateTrainStepWelfordZScore,DualNetAdaptiveFastGateWelfordZScore,DualNetAdaptiveFastGateWelfordZScoreDiagnostics,DualNetGradientConflictAdaptiveFastGateWelfordZScoreDiagnostics,DualNetGradientConflictTriggerThresholdAuditAdaptiveFastGateWelfordZScoreDiagnostics,DualNetLearnedReliabilityAdaptiveFastGateWelfordZScore,DualNetNoAdaptiveFastAdapterAdaptiveFastGateWelfordZScoreDiagnostics,DualNetNoMaskFastGateZeroInitScaledSoftBoundedDeltaGradientConflictAdaptiveFastGateWelfordZScoreDiagnostics,DualNetNoReplay,DualNetNoReplayWelfordZScore,DualNetNoReplayWelfordZScoreNoSSL,DualNetPacketT1SlowAugZeroInitScaledSoftBoundedDeltaGradientConflictAdaptiveFastGateWelfordZScoreDiagnostics,DualNetPacketT1SlowLNResidualZeroInitScaledSoftBoundedDeltaGradientConflictAdaptiveFastGateWelfordZScoreDiagnostics,DualNetPrototypeMemory,DualNetPrototypeMemoryWelfordZScore,DualNetReliabilityAdaptiveFastGateWelfordZScore,DualNetReliabilityTrainStepAdaptiveFastGateWelfordZScore,DualNetResidualAdvantageWeightedConsolidationZeroInitScaledSoftBoundedWelfordZScoreDiagnostics,DualNetResidualConsolidationZeroInitScaledSoftBoundedWelfordZScoreDiagnostics,DualNetResidualSelectiveConsolidationWeight1ZeroInitScaledSoftBoundedWelfordZScoreDiagnostics,DualNetResidualUncertaintyAttentiveFastZeroInitScaledSoftBoundedWelfordZScoreDiagnostics,DualNetResidualUncertaintyGatedZeroInitScaledSoftBoundedWelfordZScoreDiagnostics,DualNetResidualWelfordZScoreDiagnostics,DualNetResidualZeroInitScaledSoftBoundedWelfordZScoreDiagnostics,DualNetScaledGradientConflictAdaptiveFastGateWelfordZScoreDiagnostics,DualNetSlowOnlyZeroInitScaledSoftBoundedDeltaGradientConflictAdaptiveFastGateWelfordZScoreDiagnostics,DualNetWelfordZScore,DualNetZeroInitGradientConflictAdaptiveFastGateWelfordZScoreDiagnostics,DualNetZeroInitHardBoundedDeltaGradientConflictAdaptiveFastGateWelfordZScoreDiagnostics,DualNetZeroInitLearnableScaledGradientConflictAdaptiveFastGateWelfordZScoreDiagnostics,DualNetZeroInitScaledGradientConflictAdaptiveFastGateWelfordZScoreDiagnostics,DualNetZeroInitScaledNoSoftBoundedDeltaGradientConflictAdaptiveFastGateNoWelfordZScoreDiagnostics,DualNetZeroInitScaledNoSoftBoundedDeltaGradientConflictAdaptiveFastGateWelfordZScoreDiagnostics,DualNetZeroInitScaledSoftBoundedDeltaGradientConflictAdaptiveFastGateNoWelfordZScoreDiagnostics,DualNetZeroInitScaledSoftBoundedDeltaGradientConflictAdaptiveFastGateSSLWelfordZScoreDiagnostics,DualNetZeroInitScaledSoftBoundedDeltaGradientConflictAdaptiveFastGateTemporalGatedSSLWelfordZScoreDiagnostics,DualNetZeroInitScaledSoftBoundedDeltaGradientConflictAdaptiveFastGateWelfordZScoreDiagnostics,DualNetZeroInitSlowScaleLearnableScaledGradientConflictAdaptiveFastGateWelfordZScoreDiagnostics,DualNetZeroInitSoftBoundedDeltaGradientConflictAdaptiveFastGateWelfordZScoreDiagnostics,DualNetZeroInitSoftBoundedDeltaNoAdapterScaleGradientConflictAdaptiveFastGateWelfordZScoreDiagnostics,DualNetZeroInitTanhBoundedLearnableScaledGradientConflictAdaptiveFastGateWelfordZScoreDiagnostics,DualNetZeroInitTanhBoundedSlowScaleLearnableScaledGradientConflictAdaptiveFastGateWelfordZScoreDiagnostics,FSNet,FSNetEWMAScaler,FSNetFill0,FSNetFill0WelfordZScore,FSNetGradStats,FSNetGradStatsWelfordZScore,FSNetStableTrigger,FSNetStableTriggerWelfordZScore,FSNetWelfordClipZScore,FSNetWelfordZScore,HBP,HBP_WelfordZScore,LateFiLM_S2F1,LateFiLM_S4F1,LateFiLM_S8F1,LateGate_S2F1,MLPZeroInitScaledSoftBoundedDeltaGradientConflictWelfordZScoreDiagnostics,MODL,MODLWelfordZScore,MODL_only_mlp,MODL_only_mlpNoScaler,MODL_only_oblr,MODL_only_oblrNoScaler,MODL_only_oblr_mlp,MODL_only_oblr_mlpNoScaler,MODL_three_learners_25Packet,MODL_three_learners_25PacketNoScaler,OVFMWelfordZScore,OneNetFSNetFill0WelfordZScore,OneNetFSNetFixedWeightLazyFSNetWelfordZScore,OneNetFSNetNoBiasWelfordZScore,OneNetFill0,OneNetFill0WelfordZScore,OneNetFixedWeightWelfordZScore,OneNetNoBiasWelfordZScore,OneNetWelfordZScore,OnlineDualNet_Simple,OnlineDualNet_Simple_L1,OnlineDualNet_Simple_L2,OnlineDualNet_Simple_L2_Tune,OnlineDualNet_Simple_L2_Tune_single_lr,OnlineDualNet_Simple_L4,OnlineDualNet_Simple_L8,OnlineNet,OnlineNetFastWelfordSlowRaw,OnlineNetSlowOnlyMLPWelfordZScore,OnlineNetSlowWelfordFastRaw,OnlineNetSlowWelfordFastRawBidirectionalGate,OnlineNetSlowWelfordFastRawConservativeMarginResidual,OnlineNetSlowWelfordFastRawCounterfactualTrustRouter,OnlineNetSlowWelfordFastRawLearnableBidirectionalGate,OnlineNetSlowWelfordFastRawNoAdapter,OnlineNetSlowWelfordFastRawOneNetBase,OnlineNetSlowWelfordFastRawOneNetRawExpert,OnlineNetSlowWelfordFastRawPrequentialLogitAdjustment,OnlineNetSlowWelfordFastRawPrequentialLogitAdjustmentTau01,OnlineNetSlowWelfordFastRawPrequentialLogitAdjustmentTau02,OnlineNetSlowWelfordFastRawPrequentialLogitAdjustmentTau025,OnlineNetSlowWelfordFastRawPrequentialLogitAdjustmentTau025GenericFusionAddition,OnlineNetSlowWelfordFastRawPrequentialLogitAdjustmentTau025GenericFusionConcatenation,OnlineNetSlowWelfordFastRawPrequentialLogitAdjustmentTau025LRTuneSlow0p001Fast0p001,OnlineNetSlowWelfordFastRawPrequentialLogitAdjustmentTau025LRTuneSlow0p001Fast0p005,OnlineNetSlowWelfordFastRawPrequentialLogitAdjustmentTau025LRTuneSlow0p001Fast0p01,OnlineNetSlowWelfordFastRawPrequentialLogitAdjustmentTau025LRTuneSlow0p005Fast0p001,OnlineNetSlowWelfordFastRawPrequentialLogitAdjustmentTau025LRTuneSlow0p005Fast0p005,OnlineNetSlowWelfordFastRawPrequentialLogitAdjustmentTau025LRTuneSlow0p005Fast0p01,OnlineNetSlowWelfordFastRawPrequentialLogitAdjustmentTau025LRTuneSlow0p01Fast0p001,OnlineNetSlowWelfordFastRawPrequentialLogitAdjustmentTau025LRTuneSlow0p01Fast0p005,OnlineNetSlowWelfordFastRawPrequentialLogitAdjustmentTau025LRTuneSlow0p01Fast0p01,OnlineNetSlowWelfordFastRawPrequentialLogitAdjustmentTau025ModulationStrengthLambda0p0,OnlineNetSlowWelfordFastRawPrequentialLogitAdjustmentTau025ModulationStrengthLambdaNeg0p5,OnlineNetSlowWelfordFastRawPrequentialLogitAdjustmentTau025ModulationStrengthLambdaNeg1p0,OnlineNetSlowWelfordFastRawPrequentialLogitAdjustmentTau025ModulationStrengthLambdaPos0p5,OnlineNetSlowWelfordFastRawPrequentialLogitAdjustmentTau025ModulationStrengthLambdaPos1p0,OnlineNetSlowWelfordFastRawPrequentialLogitAdjustmentTau025ModulationStrengthLambdaPos1p5,OnlineNetSlowWelfordFastRawPrequentialLogitAdjustmentTau025ModulationStrengthLambdaPos2p0,OnlineNetSlowWelfordFastRawPrequentialLogitAdjustmentTau025NoCausalContext,OnlineNetSlowWelfordFastRawPrequentialLogitAdjustmentTau025NoFastPathwayV1,OnlineNetSlowWelfordFastRawPrequentialLogitAdjustmentTau025NoFastPathwayV2,OnlineNetSlowWelfordFastRawPrequentialLogitAdjustmentTau05,OnlineNetSlowWelfordFastRawPrequentialMaskViewDistillation,OnlineNetSlowWelfordFastRawPrequentialPriorMargin,OnlineNetSlowWelfordFastRawPrequentialRiskMargin,OnlineNetTune,OnlineNet_WhereFast_LR_Tune,OnlineNet_WhereFast_Tune,RGC-DualNet,RGC-DualNet-v2,RGC-DualNet-v2a,RGC-DualNet-v2a-Tune-probe_views,RGC-DualNet-v3,adam_HI2,adam_bert_online,auxdrop,auxdropWelfordZScore,memory_calibrated_residual,memory_calibrated_residual_FastOnly,memory_calibrated_residual_NoDistill,memory_calibrated_residual_RuleGate,memory_calibrated_residual_StableOnly,olifl,olvf,orf3v,ovfm,ovfm_100,ovfm_20,ovfm_200,ovfm_50,packetLSTM
Agrawal_f1_15000_to_f2_25000_to_f3_35000_to_f4_w1_total50000,25,,,,,,,,,,,,,,,,,,,,,,,,,,,,,,,,,,,,,,,,,,,,,,,,,,,,,,,,,,,53.06(1.54),,,,,,,50.00(0.00),,,,,,,,,,,,,,,,,,,,,63.74(0.17),,,,,63.74(0.17),,,,,,,,,,,,,,,,,,,,,,,,,,,,,,,,,,,,,,,,,,,,,,,,63.89(0.25),,60.51(0.27),,,,,,,54.99(nan),54.74,50.49(0.02),59.80(0.06),,,,,
Agrawal_f1_15000_to_f2_25000_to_f3_35000_to_f4_w1_total50000,50,,,,,,,,,,,,,,,,,,,,,,,,,,,,,,,,,,,,,,,,,,,,,,,,,,,,,,,,,,,54.74(1.45),,,,,,,50.00(0.00),,,,,,,,,,,,,,,,,,,,,68.92(0.36),,,,,68.92(0.36),,,,,,,,,,,,,,,,,,,,,,,,,,,,,,,,,,,,,,,,,,,,,,,,70.00(0.31),,60.09(0.29),,,,,,,55.61(nan),53.88,50.14(0.06),60.53(0.02),,,,,
Agrawal_f1_15000_to_f2_25000_to_f3_35000_to_f4_w1_total50000,75,,,,,,,,,,,,,,,,,,,,,,,,,,,,,,,,,,,,,,,,,,,,,,,,,,,,,,,,,,,56.07(nan),,,,,,,50.00(nan),,,,,,,,,,,,,,,,,,,,,76.93(0.31),68.98(0.60),,,,76.59(nan),,,,,,,,,,,,,,,,,,,,,,,,,,,,,,,,,,,,,,,,,,,,,,,,78.49(nan),,59.98(nan),,,,,,,55.57(nan),53.62,49.97(0.01),51.35(1.49),,,,,
Agrawal_f1_15000_to_f2_25000_to_f3_35000_to_f4_w5000_total50000,25,,,,,,,,,,,,,,,,,,,,,,,,,,,,,,,,,,,,,,,,,,,,,,,,,,,,,,,,,,,52.26(1.41),,,,,,,50.00(0.00),,,,,,,,,,,,,,,,,,,,,62.02(0.12),,,,,62.02(0.12),,,,,,,,,,,,,,,,,,,,,,,,,,,,,,,,,,,,,,,,,,,,,,,,62.07(0.41),,59.18(0.43),,,,,,,54.32(nan),53.85,50.38(0.09),59.57(0.07),,,,,
Agrawal_f1_15000_to_f2_25000_to_f3_35000_to_f4_w5000_total50000,50,,,,,,,,,,,,,,,,,,,,,,,,,,,,,,,,,,,,,,,,,,,,,,,,,,,,,,,,,,,53.82(1.65),,,,,,,50.00(0.00),,,,,,,,,,,,,,,,,,,,,67.02(0.23),,,,,67.02(0.23),,,,,,,,,,,,,,,,,,,,,,,,,,,,,,,,,,,,,,,,,,,,,,,,68.19(0.64),,59.11(0.16),,,,,,,54.92(nan),53.04,50.01(0.02),59.39(0.01),,,,,
Agrawal_f1_15000_to_f2_25000_to_f3_35000_to_f4_w5000_total50000,75,,,,,,,,,,,,,,,,,,,,,,,,,,,,,,,,,,,,,,,,,,,,,,,,,,,,,,,,,,,55.22(nan),,,,,,,50.00(nan),,,,,,,,,,,,,,,,,,,,,74.39(0.27),67.72(0.81),,,,74.35(nan),,,,,,,,,,,,,,,,,,,,,,,,,,,,,,,,,,,,,,,,,,,,,,,,76.79(nan),,58.87(nan),,,,,,,54.33(nan),52.7,49.95(0.04),53.62(2.45),,,,,
Agrawal_f1_2500_to_f2_2500_w1_total5000,25,,,,,,,,,,,,,,,,,,,,,,,,,,,,,,,,,,,,,,,,,,,,,,,,,,,,,,,,,,,52.47(0.81),,,,,,,50.01(0.02),,,,,,,,,,,,,,,,,,,,,62.59(0.19),,,,,62.59(0.19),,,,,,,,,,,,,,,,,,,,,,,,,,,,,,,,,,,,,,,,,,,,,,,,62.55(0.49),,60.06(1.03),,,,,,,55.66(nan),55.25,50.08(0.02),60.20(0.17),,,,,
Agrawal_f1_2500_to_f2_2500_w1_total5000,50,,,,,,,,,,,,,,,,,,,,,,,,,,,,,,,,,,,,,,,,,,,,,,,,,,,,,,,,,,,53.93(0.36),,,,,,,50.03(0.00),,,,,,,,,,,,,,,,,,,,,63.16(0.37),,,,,63.16(0.37),,,,,,,,,,,,,,,,,,,,,,,,,,,,,,,,,,,,,,,,,,,,,,,,66.05(0.20),,57.72(3.57),,,,,,,54.03(nan),53.27,49.90(0.03),60.08(0.09),,,,,
Agrawal_f1_2500_to_f2_2500_w1_total5000,75,,,,,,,,,,,,,,,,,,,,,,,,,,,,,,,,,,,,,,,,,,,,,,,,,,,,,,,,,,,56.08(nan),,,,,,,50.05(nan),,,,,,,,,,,,,,,,,,,,,69.29(0.70),60.63(1.22),,,,68.91(nan),,,,,,,,,,,,,,,,,,,,,,,,,,,,,,,,,,,,,,,,64.58(0.62),61.85(0.72),68.38(1.41),,,,,,72.34(nan),,56.28(nan),,,,,,,53.61(nan),53.12,49.85(0.08),54.83(3.96),,,,,
Agrawal_f1_2500_to_f2_2500_w500_total5000,25,,,,,,,,,,,,,,,,,,,,,,,,,,,,,,,,,,,,,,,,,,,,,,,,,,,,,,,,,,,52.54(0.51),,,,,,,50.01(0.02),,,,,,,,,,,,,,,,,,,,,61.88(0.11),,,,,61.88(0.11),,,,,,,,,,,,,,,,,,,,,,,,,,,,,,,,,,,,,,,,,,,,,,,,61.85(0.23),,59.07(2.16),,,,,,,55.15(nan),54.72,51.85(0.28),60.06(0.06),,,,,
Agrawal_f1_2500_to_f2_2500_w500_total5000,50,,,,,,,,,,,,,,,,,,,,,,,,,,,,,,,,,,,,,,,,,,,,,,,,,,,,,,,,,,,53.33(0.38),,,,,,,50.03(0.00),,,,,,,,,,,,,,,,,,,,,63.04(0.31),,,,,63.04(0.31),,,,,,,,,,,,,,,,,,,,,,,,,,,,,,,,,,,,,,,,,,,,,,,,65.27(0.49),,54.44(1.03),,,,,,,53.54(nan),52.56,51.00(0.14),59.65(0.10),,,,,
Agrawal_f1_2500_to_f2_2500_w500_total5000,75,,,,,,,,,,,,,,,,,,,,,,,,,,,,,,,,,,,,,,,,,,,,,,,,,,,,,,,,,,,56.41(nan),,,,,,,50.05(nan),,,,,,,,,,,,,,,,,,,,,68.52(0.51),60.36(1.46),,,,68.16(nan),,,,,,,,,,,,,,,,,,,,,,,,,,,,,,,,,,,,,,,,64.44(0.70),61.52(0.49),68.03(0.95),,,,,,72.49(nan),,55.37(nan),,,,,,,53.52(nan),53.48,49.87(0.12),56.04(5.25),,,,,
LED_f1_15000_to_f2_25000_to_f3_35000_to_f4_w1_total50000,25,,,,,,,,,,,,,,,,,,,,,,,,,,,,,,,,,,,,,,,,,,,,,,,,,,,,,,,,,,,50.29(0.60),,,,,,,54.05(0.23),,,,,,,,,,,,,,,,,,,,,,,,,,61.99(0.09),,,61.98(0.17),,,,,,,,,,,62.03(0.01),,,,,,,,,,,,,,,,,,,,,,,,,,,,,,,,,,60.10(0.40),,51.72(0.28),,,,,,,52.68(0.00),50.99,41.44(0.03),59.05(0.00),,,,,
LED_f1_15000_to_f2_25000_to_f3_35000_to_f4_w1_total50000,50,,,,,,,,,,,,,,,,,,,,,,,,,,,,,,,,,,,,,,,,,,,,,,,,,,,,,,,,,,,50.42(0.73),,,,,,,58.27(0.29),,,,,,,,,,,,,,,,,,,,,,,,,,70.39(0.11),,,70.27(0.14),,,,,,,,,,,70.28(0.10),,,,,,,,,,,,,,,,,,,,,,,,,,,,,,,,,,68.84(0.16),,55.42(1.21),,,,,,,55.65(0.00),50.63,37.98(0.11),63.97(0.00),,,,,
LED_f1_15000_to_f2_25000_to_f3_35000_to_f4_w1_total50000,75,,,,,,,,,,,,,,,,,,,,,,,,,,,,,,,,,,,,,,,,,,,,,,,,,,,,,,,,,,,50.14(0.32),,,,,,,64.27(0.04),,,,,,,,,,,,,,,,,,,,,,,,,,77.48(0.08),,,77.55(0.15),,,,,,,,,,,77.32(0.12),,,,,,,,,,,,,,,,,,,,,,,,,,,,,,,,,,76.63(0.06),,60.92(1.26),,,,,,,59.71(0.00),50.86,35.28(0.07),67.78(0.00),,,,,
LED_f1_15000_to_f2_25000_to_f3_35000_to_f4_w5000_total50000,25,,,,,,,,,,,,,,,,,,,,,,,,,,,,,,,,,,,,,,,,,,,,,,,,,,,,,,,,,,,50.24(0.49),,,,,,,53.73(0.27),,,,,,,,,,,,,,,,,,,,,,,,,,62.25(0.16),,,62.12(0.05),,,,,,,,,,,62.15(0.07),,,,,,,,,,,,,,,,,,,,,,,,,,,,,,,,,,60.05(0.35),,51.44(0.21),,,,,,,52.30(0.00),50.94,41.67(0.06),59.04(0.00),,,,,
LED_f1_15000_to_f2_25000_to_f3_35000_to_f4_w5000_total50000,50,,,,,,,,,,,,,,,,,,,,,,,,,,,,,,,,,,,,,,,,,,,,,,,,,,,,,,,,,,,50.45(0.83),,,,,,,57.81(0.22),,,,,,,,,,,,,,,,,,,,,,,,,,69.95(0.13),,,70.00(0.04),,,,,,,,,,,69.91(0.06),,,,,,,,,,,,,,,,,,,,,,,,,,,,,,,,,,68.50(0.01),,55.43(1.03),,,,,,,55.77(0.00),50.59,37.83(0.06),64.29(0.00),,,,,
LED_f1_15000_to_f2_25000_to_f3_35000_to_f4_w5000_total50000,75,,,,,,,,,,,,,,,,,,,,,,,,,,,,,,,,,,,,,,,,,,,,,,,,,,,,,,,,,,,50.20(0.42),,,,,,,64.03(0.15),,,,,,,,,,,,,,,,,,,,,,,,,,77.07(0.10),,,77.15(0.11),,,,,,,,,,,77.09(0.15),,,,,,,,,,,,,,,,,,,,,,,,,,,,,,,,,,76.05(0.06),,60.45(1.58),,,,,,,59.58(0.00),50.88,35.33(0.12),67.71(0.00),,,,,
LED_f1_2500_to_f2_2500_w1_total5000,25,,,,,,,,,,,,,,,,,,,,,,,,,,,,,,,,,,,,,,,,,,,,,,,,,,,,,,,,,,,50.16(0.53),,,,,,,52.20(0.46),,,,,,,,,,,,,,,,,,,,,,,,,,62.43(0.14),,62.30(0.11),62.71(0.33),,,,,,,,,,,62.40(0.15),,,,,,,,,,,,,,,,,,,,,,,,,,,,,,,,,,57.47(1.02),,49.75(0.36),,,,,,,52.15(0.00),52.34,41.19(0.25),57.86(0.00),,,,,
LED_f1_2500_to_f2_2500_w1_total5000,50,,,,,,,,,,,,,,,,,,,,,,,,,,,,,,,,,,,,,,,,,,,,,,,,,,,,,,,,,,,50.54(0.93),,,,,,,54.68(0.22),,,,,,,,,,,,,,,,,,,,,,,,,,68.16(0.16),,,67.90(0.14),,,,,,,,,,,67.81(0.09),,,,,,,,,,,,,,,,,,,,,,,,,,,,,,,,,,65.16(0.90),,50.61(0.51),,,,,,,54.54(0.00),54.13,40.05(0.16),61.58(0.00),,,,,
LED_f1_2500_to_f2_2500_w1_total5000,75,,,,,,,,,,,,,,,,,,,,,,,,,,,,,,,,,,,,,,,,,,,,,,,,,,,,,,,,,,,49.85(0.60),,,,,,,58.36(0.28),,,,,,,,,,,,,,,,,,,,,,,,,,73.77(0.54),67.98(0.69),73.33(0.63),73.65(0.68),,,,,,,,,,,73.67(0.59),,,,,,,,,,,,,,,,,,,,,,,,,,,,,,,,,,71.63(0.53),,51.49(1.53),,,,,,,57.11(0.00),53.65,39.18(0.15),65.94(0.00),67.20(0.00),68.16(0.00),56.02(0.00),67.52(0.00),
LED_f1_2500_to_f2_2500_w500_total5000,25,,,,,,,,,,,,,,,,,,,,,,,,,,,,,,,,,,,,,,,,,,,,,,,,,,,,,,,,,,,49.60(0.44),,,,,,,52.27(0.45),,,,,,,,,,,,,,,,,,,,,,,,,,62.41(0.46),,,62.53(0.46),,,,,,,,,,,62.54(0.27),,,,,,,,,,,,,,,,,,,,,,,,,,,,,,,,,,57.57(1.40),,49.66(0.42),,,,,,,52.43(0.00),52.5,42.12(0.12),57.50(0.00),,,,,
LED_f1_2500_to_f2_2500_w500_total5000,50,,,,,,,,,,,,,,,,,,,,,,,,,,,,,,,,,,,,,,,,,,,,,,,,,,,,,,,,,,,50.40(1.08),,,,,,,54.45(0.44),,,,,,,,,,,,,,,,,,,,,,,,,,68.28(0.21),,,68.21(0.23),,,,,,,,,,,68.19(0.40),,,,,,,,,,,,,,,,,,,,,,,,,,,,,,,,,,66.30(0.42),,50.29(0.39),,,,,,,54.44(0.00),53.61,40.95(0.21),62.05(0.00),,,,,
LED_f1_2500_to_f2_2500_w500_total5000,75,,,,,,,,,,,,,,,,,,,,,,,,,,,,,,,,,,,,,,,,,,,,,,,,,,,,,,,,,,,49.93(0.48),,,,,,,58.64(0.46),,,,,,,,,,,,,,,,,,,,,,,,,,73.76(0.44),,,73.60(0.72),,,,,,,,,,,73.75(0.52),,,,,,,,,,,,,,,,,,,,,,,,,,,,,,,,,,71.81(0.43),,51.22(1.69),,,,,,,56.73(0.00),54.31,39.45(0.16),66.56(0.00),,,,,
LUdata,25,58.04(nan),66.63(nan),66.00(nan),58.87(nan),66.43(nan),66.74(nan),66.20(nan),66.20(nan),,67.00(nan),,65.78(nan),65.87(0.71),65.89(0.42),57.45(nan),66.16(nan),66.31(nan),,,57.76(nan),66.37(nan),65.85(nan),65.85(nan),66.38(0.57),66.22(0.54),66.27(0.53),66.15(0.57),66.35(0.67),66.24(0.66),66.21(0.58),66.58(nan),66.17(0.66),65.90(nan),,66.43(nan),66.42(nan),66.31(nan),57.85(0.82),65.90(0.58),57.87(0.83),66.32(nan),66.09(nan),65.98(0.47),,66.38(nan),66.00(0.66),,,55.48(nan),,57.22(nan),65.72(nan),,,,,,,49.78(0.45),50.25(0.69),,,,,64.91(0.62),55.87(0.63),65.29(nan),,57.21(nan),66.56(0.00),58.31(nan),,57.07(nan),66.34(0.50),56.52(nan),63.48(nan),66.69(nan),66.17(nan),66.27(nan),56.64(nan),66.83(nan),66.24(nan),66.01(nan),66.05(nan),,65.42(nan),65.55(0.63),,,,,65.55(0.63),,66.17(0.66),65.91(0.72),,,,,,,,,,,66.30(0.67),,,,,,,,,,,,,,,,,,,,,,,,,,,,,66.20(0.36),,,,,58.89(1.22),,49.36(0.80),50.66(nan),,,,,,52.30(nan),52.06,43.11(0.64),62.45(0.15),,,,,
LUdata,50,63.21(nan),76.78(nan),75.99(nan),68.98(nan),76.32(nan),76.35(nan),76.79(nan),76.79(nan),,76.28(nan),,76.68(nan),76.66(0.62),77.20(0.79),66.33(nan),76.00(nan),76.31(nan),,,66.91(nan),76.04(nan),76.74(nan),76.74(nan),77.06(1.05),76.91(1.10),76.97(0.96),77.02(1.04),77.02(0.94),76.73(1.04),76.97(1.07),75.88(nan),76.99(1.12),76.40(nan),,76.21(nan),75.67(nan),76.30(nan),67.02(0.99),76.83(0.63),66.91(1.05),76.27(nan),76.12(nan),76.82(0.65),,75.84(nan),76.55(0.59),,,63.31(nan),,63.54(nan),76.81(nan),,,,,,,49.88(0.49),53.09(2.72),,,,,75.04(0.45),63.37(0.59),76.67(nan),77.13(0.08),62.04(nan),77.27(0.00),66.72(nan),77.33(0.29),62.23(nan),77.74(0.30),64.46(nan),76.02(nan),76.86(nan),76.80(nan),76.90(nan),65.74(nan),75.63(nan),75.53(nan),75.70(nan),75.98(nan),,76.64(nan),76.64(0.48),,,,,76.64(0.48),,,76.77(0.87),,,,,,,,,,,76.81(0.79),,,,,,,,,,,,,,,,,,,,,,,,,,,,,76.84(0.91),,,,,69.17(1.22),,49.70(0.67),53.87(nan),,,,,,57.10(nan),59.93,42.58(0.74),72.16(0.00),,,,,
LUdata,75,72.28(nan),87.10(nan),85.51(nan),78.69(nan),86.58(nan),86.58(nan),86.33(nan),86.33(nan),,86.79(nan),86.79(nan),86.15(nan),86.54(0.45),86.40(0.63),77.51(nan),86.75(nan),87.06(nan),86.11(nan),85.85(nan),77.97(nan),86.68(nan),85.85(nan),85.85(nan),86.36(0.53),86.41(0.58),86.38(0.51),86.30(0.49),86.46(0.60),86.25(0.47),86.39(0.59),87.11(nan),86.35(0.62),85.59(nan),86.89(nan),87.22(nan),87.27(nan),87.27(nan),77.69(0.65),86.71(0.61),77.81(0.75),86.96(nan),86.75(nan),86.62(0.64),87.17(nan),86.95(nan),86.68(0.54),87.27(nan),87.17(nan),67.57(0.69),84.75(nan),70.94(nan),85.99(nan),67.19(nan),85.34(nan),67.19(nan),85.34(nan),85.99(nan),85.95(nan),50.57(0.79),61.39(5.61),86.61(nan),86.15(nan),85.05(nan),86.46(nan),85.19(0.38),72.93(0.33),85.72(nan),,72.49(nan),87.37(0.00),74.77(nan),,72.53(nan),87.86(0.29),78.23(nan),86.57(nan),86.73(nan),86.89(nan),86.94(nan),76.42(nan),87.13(nan),86.82(nan),86.77(nan),86.55(nan),87.33(nan),85.87(nan),87.09(nan),86.75(0.38),87.01(0.58),85.84(nan),83.85(nan),86.78(0.62),83.18(0.29),86.35(0.62),86.80(0.49),86.78(0.53),86.55(0.41),86.80(0.49),86.57(0.40),86.78(0.45),86.80(0.49),70.26(1.38),87.01(0.29),86.88(0.33),86.83(0.56),86.87(0.43),85.14(0.46),85.10(0.37),86.87(0.43),86.70(0.37),86.81(0.39),86.67(0.19),86.57(0.54),86.67(0.39),85.76(0.40),84.95(0.41),84.95(0.60),86.66(0.48),86.64(0.40),86.75(0.47),86.77(0.48),86.87(0.43),86.64(0.32),86.62(0.37),76.87(0.68),86.66(0.48),86.81(0.36),86.78(0.55),86.77(0.56),86.97(0.47),86.86(0.43),,86.11(0.53),,86.55(0.59),,,,,80.21(1.34),,50.88(0.91),58.68(nan),82.43(nan),85.36(nan),81.78(nan),49.73(nan),49.73(nan),58.88(nan),68.3,42.19(0.54),80.43(0.00),73.24(0.00),74.27(0.00),73.34(0.00),73.35(0.00),
LUdata,100,91.60(nan),96.70(nan),,,,,96.27(nan),,,,,96.42(nan),,,,,,,,,,95.95(nan),95.95(nan),,,,,,,,,,,,,,,,,,,,,,,,,,,,91.75(nan),96.05(nan),,,,,,,,,,,,,,91.13(0.22),96.03(nan),,95.76(nan),,89.59(nan),,96.18(nan),,96.24(nan),,97.36(nan),,,92.53(nan),96.49(nan),,,,,,,,,,,,,,,,,,,,,,,,,,,,,,,,,,,,,,,,,,,,,,,,,,,,,,,,,,,,,,,,,,,,,,,,,,,,94.80(1.18)
SEA_f1_15000_to_f2_25000_to_f3_35000_to_f4_w1_total50000,25,,,,,,,,,,,,,,,,,,,,,,,,,,,,,,,,,,,,,,,,,,,,,,,,,,,,,,,,,,,50.05(0.17),,,,,,,62.51(0.23),,,,,,,,,,,,,,,,,,,,,64.35(0.10),,,,,64.35(0.10),,,64.29(0.09),,,,,,,,,,,65.09(0.04),,,,,,,,,,,,,,,,,,,,,,,,,,,,,,,,,,64.17(0.16),,60.91(0.25),,,,,,,51.53(nan),50.0,43.40(0.14),61.38(0.00),,,,,
SEA_f1_15000_to_f2_25000_to_f3_35000_to_f4_w1_total50000,50,,,,,,,,,,,,,,,,,,,,,,,,,,,,,,,,,,,,,,,,,,,,,,,,,,,,,,,,,,,50.85(1.08),,,,,,,65.95(0.36),,,,,,,,,,,,,,,,,,,,,70.41(0.05),,,,,70.41(0.05),,,70.47(0.07),,,,,,,,,,,70.82(0.10),,,,,,,,,,,,,,,,,,,,,,,,,,,,,,,,,,69.68(0.17),,63.20(0.33),,,,,,,50.99(nan),51.37,44.89(0.11),63.45(0.00),,,,,
SEA_f1_15000_to_f2_25000_to_f3_35000_to_f4_w1_total50000,75,,,,,,,,,,,,,,,,,,,,,,,,,,,,,,,,,,,,,,,,,,,,,,,,,,,,,,,,,,,52.79(2.80),,,,,,,72.41(0.25),,,,,,,,,,,,,,,,,,,,,78.04(0.05),77.47(0.15),,,,78.02(0.05),,,78.08(0.02),,,,,,,,,,,78.18(0.01),,,,,,,,,,,,,,,,,,,,,,,,,,,,,,,,,,77.40(0.12),,69.64(0.26),,,,,,,52.58(nan),54.6,47.14(0.13),68.98(0.02),,,,,
SEA_f1_15000_to_f2_25000_to_f3_35000_to_f4_w5000_total50000,25,,,,,,,,,,,,,,,,,,,,,,,,,,,,,,,,,,,,,,,,,,,,,,,,,,,,,,,,,,,50.05(0.16),,,,,,,62.53(0.43),,,,,,,,,,,,,,,,,,,,,64.74(0.11),,,,,64.74(0.11),,,64.66(0.06),,,,,,,,,,,65.41(0.04),,,,,,,,,,,,,,,,,,,,,,,,,,,,,,,,,,64.13(0.17),,60.51(0.26),,,,,,,51.04(nan),50.0,43.64(0.15),60.78(0.00),,,,,
SEA_f1_15000_to_f2_25000_to_f3_35000_to_f4_w5000_total50000,50,,,,,,,,,,,,,,,,,,,,,,,,,,,,,,,,,,,,,,,,,,,,,,,,,,,,,,,,,,,50.73(0.94),,,,,,,65.48(0.15),,,,,,,,,,,,,,,,,,,,,69.68(0.05),,,,,69.68(0.05),,,69.68(0.05),,,,,,,,,,,70.10(0.04),,,,,,,,,,,,,,,,,,,,,,,,,,,,,,,,,,68.91(0.22),,62.70(0.33),,,,,,,50.40(nan),51.15,44.99(0.10),63.03(0.00),,,,,
SEA_f1_15000_to_f2_25000_to_f3_35000_to_f4_w5000_total50000,75,,,,,,,,,,,,,,,,,,,,,,,,,,,,,,,,,,,,,,,,,,,,,,,,,,,,,,,,,,,52.54(2.51),,,,,,,71.02(0.22),,,,,,,,,,,,,,,,,,,,,77.16(0.08),76.56(0.13),,,,77.13(0.14),,,77.20(0.04),,,,,,,,,,,77.43(0.02),,,,,,,,,,,,,,,,,,,,,,,,,,,,,,,,,,76.48(0.22),,68.83(0.31),,,,,,,52.51(nan),54.09,47.04(0.11),68.19(0.05),,,,,
SEA_f1_2500_to_f2_2500_w1_total5000,25,,,,,,,,,,,,,,,,,,,,,,,,,,,,,,,,,,,,,,,,,,,,,,,,,,,,,,,,,,,49.56(0.47),,,,,,,61.93(0.34),,,,,,,,,,,,,,,,,,,,,64.62(0.22),,,,,64.62(0.22),,64.79(0.04),64.52(0.24),,,,,,,,,,,64.86(0.10),,,,,,,,,,,,,,,,,,,,,,,,,,,,,,,,,,62.73(0.70),,51.55(0.30),,,,,,,50.63(nan),49.98,43.49(0.51),60.36(0.00),,,,,
SEA_f1_2500_to_f2_2500_w1_total5000,50,,,,,,,,,,,,,,,,,,,,,,,,,,,,,,,,,,,,,,,,,,,,,,,,,,,,,,,,,,,49.21(0.84),,,,,,,63.68(0.40),,,,,,,,,,,,,,,,,,,,,69.89(0.20),,,,,69.89(0.20),,,70.00(0.14),,,,,,,,,,,70.30(0.13),,,,,,,,,,,,,,,,,,,,,,,,,,,,,,,,,,67.90(0.50),,53.19(0.44),,,,,,,50.24(nan),50.03,43.78(0.39),62.67(0.00),,,,,
SEA_f1_2500_to_f2_2500_w1_total5000,75,,,,,,,,,,,,,,,,,,,,,,,,,,,,,,,,,,,,,,,,,,,,,,,,,,,,,,,,,,,49.28(1.48),,,,,,,68.03(0.86),,,,,,,,,,,,,,,,,,,,,76.70(0.07),74.17(1.19),,,,76.70(0.07),72.97(0.49),76.66(0.07),76.68(0.23),,,,,,,,,,,76.76(0.12),,,,,,,,,,,,,,,,,,,,,,,,,,76.60(0.21),74.50(0.28),76.72(0.18),,,,,,74.84(0.17),,58.22(0.36),,,,,,,52.02(nan),50.51,46.44(0.06),67.58(0.07),71.36(0.05),70.57(0.01),70.93(0.04),71.32(0.03),
SEA_f1_2500_to_f2_2500_w500_total5000,25,,,,,,,,,,,,,,,,,,,,,,,,,,,,,,,,,,,,,,,,,,,,,,,,,,,,,,,,,,,49.55(0.47),,,,,,,62.53(0.31),,,,,,,,,,,,,,,,,,,,,64.51(0.33),,,,,64.51(0.33),,,64.27(0.23),,,,,,,,,,,64.80(0.17),,,,,,,,,,,,,,,,,,,,,,,,,,,,,,,,,,62.71(0.95),,50.97(0.33),,,,,,,50.61(nan),50.0,43.17(0.48),59.97(0.00),,,,,
SEA_f1_2500_to_f2_2500_w500_total5000,50,,,,,,,,,,,,,,,,,,,,,,,,,,,,,,,,,,,,,,,,,,,,,,,,,,,,,,,,,,,49.21(0.85),,,,,,,63.36(0.35),,,,,,,,,,,,,,,,,,,,,69.55(0.21),,,,,69.55(0.21),,,69.50(0.07),,,,,,,,,,,70.01(0.13),,,,,,,,,,,,,,,,,,,,,,,,,,,,,,,,,,67.63(0.53),,52.71(0.32),,,,,,,50.85(nan),50.03,43.52(0.06),62.80(0.00),,,,,
SEA_f1_2500_to_f2_2500_w500_total5000,75,,,,,,,,,,,,,,,,,,,,,,,,,,,,,,,,,,,,,,,,,,,,,,,,,,,,,,,,,,,49.39(1.31),,,,,,,67.88(0.98),,,,,,,,,,,,,,,,,,,,,76.54(0.06),74.33(1.04),,,,76.54(0.06),,,76.71(0.17),,,,,,,,,,,76.86(0.07),,,,,,,,,,,,,,,,,,,,,,,,,,76.49(0.33),74.69(0.21),76.59(0.24),,,,,,74.97(0.49),,58.23(0.37),,,,,,,51.96(nan),50.51,46.48(0.02),67.60(0.06),,,,,
STAGGER_f1_20000_to_f2_40000_to_f3_w1_total50000,25,,,,,,,,,,,,,,,,,,,,,,,,,,,,,,,,,,,,,,,,,,,,,,,,,,,,,,,,,,,69.40(2.92),,,,,,,77.71(0.13),,,,,,,,,,,,,,,,,,,,,77.67(0.13),,,,,77.69(0.09),,,77.87(0.06),,,,,,,,,,,78.75(0.24),,,,,,,,,,,,,,,,,,,,,,,,,,,,,,,,,,77.22(0.10),,72.15(0.66),,,,,,,67.46(nan),51.07,50.42(0.03),74.92(0.00),,,,,
STAGGER_f1_20000_to_f2_40000_to_f3_w1_total50000,50,,,,,,,,,,,,,,,,,,,,,,,,,,,,,,,,,,,,,,,,,,,,,,,,,,,,,,,,,,,70.81(0.80),,,,,,,81.49(0.20),,,,,,,,,,,,,,,,,,,,,82.72(0.07),,,,,82.73(0.05),,,82.80(0.08),,,,,,,,,,,83.11(0.03),,,,,,,,,,,,,,,,,,,,,,,,,,,,,,,,,,82.74(0.04),,73.54(0.62),,,,,,,66.90(nan),57.46,50.32(0.05),76.41(0.00),,,,,
STAGGER_f1_20000_to_f2_40000_to_f3_w1_total50000,75,,,,,,,,,,,,,,,,,,,,,,,,,,,,,,,,,,,,,,,,,,,,,,,,,,,,,,,,,,,70.52(3.03),,,,,,,88.57(0.15),,,,,,,,,,,,,,,,,,,,,90.08(0.05),89.33(0.16),,,,90.11(0.02),,,90.17(0.02),,,,,,,,,,,90.04(0.11),,,,,,,,,,,,,,,,,,,,,,,,,,,,,,,,,,90.29(0.05),,78.27(1.07),,,,,,,69.61(nan),62.4,50.11(0.02),75.79(0.00),,,,,
STAGGER_f1_20000_to_f2_40000_to_f3_w5000_total50000,25,,,,,,,,,,,,,,,,,,,,,,,,,,,,,,,,,,,,,,,,,,,,,,,,,,,,,,,,,,,67.19(3.29),,,,,,,75.36(0.12),,,,,,,,,,,,,,,,,,,,,76.19(0.18),,,,,76.19(0.18),,,75.95(0.02),,,,,,,,,,,77.12(0.04),,,,,,,,,,,,,,,,,,,,,,,,,,,,,,,,,,75.52(0.15),,71.87(0.31),,,,,,,66.01(nan),50.76,50.33(0.04),73.64(0.00),,,,,
STAGGER_f1_20000_to_f2_40000_to_f3_w5000_total50000,50,,,,,,,,,,,,,,,,,,,,,,,,,,,,,,,,,,,,,,,,,,,,,,,,,,,,,,,,,,,67.68(1.18),,,,,,,79.35(0.04),,,,,,,,,,,,,,,,,,,,,80.44(0.10),,,,,80.44(0.10),,,80.55(0.06),,,,,,,,,,,81.05(0.04),,,,,,,,,,,,,,,,,,,,,,,,,,,,,,,,,,80.32(0.08),,73.15(0.64),,,,,,,65.80(nan),57.49,50.30(0.02),75.94(0.00),,,,,
STAGGER_f1_20000_to_f2_40000_to_f3_w5000_total50000,75,,,,,,,,,,,,,,,,,,,,,,,,,,,,,,,,,,,,,,,,,,,,,,,,,,,,,,,,,,,68.52(2.63),,,,,,,85.76(0.05),,,,,,,,,,,,,,,,,,,,,87.44(0.05),87.24(0.10),,,,87.40(0.06),,,87.50(0.11),,,,,,,,,,,87.55(0.03),,,,,,,,,,,,,,,,,,,,,,,,,,,,,,,,,,87.49(0.08),,77.41(1.67),,,,,,,67.59(nan),62.91,50.12(0.02),74.81(0.00),,,,,
STAGGER_f1_2500_to_f2_2500_w1_total5000,25,,,,,,,,,,,,,,,,,,,,,,,,,,,,,,,,,,,,,,,,,,,,,,,,,,,,,,,,,,,43.24(3.20),,,,,,,71.52(0.37),,,,,,,,,,,,,,,,,,,,,70.82(0.26),,,,,70.82(0.26),,70.86(0.34),70.55(0.11),,,,,,,,,,,71.87(0.10),,,,,,,,,,,,,,,,,,,,,,,,,,,,,,,,,,70.18(0.25),,52.27(0.07),,,,,,,64.23(nan),49.97,49.88(0.08),71.91(0.00),,,,,
STAGGER_f1_2500_to_f2_2500_w1_total5000,50,,,,,,,,,,,,,,,,,,,,,,,,,,,,,,,,,,,,,,,,,,,,,,,,,,,,,,,,,,,43.65(2.50),,,,,,,72.97(0.41),,,,,,,,,,,,,,,,,,,,,75.40(0.22),,,,,75.40(0.22),,,75.38(0.09),,,,,,,,,,,76.06(0.30),,,,,,,,,,,,,,,,,,,,,,,,,,,,,,,,,,74.72(0.36),,53.69(0.89),,,,,,,64.73(nan),49.99,50.00(0.00),70.17(0.00),,,,,
STAGGER_f1_2500_to_f2_2500_w1_total5000,75,,,,,,,,,,,,,,,,,,,,,,,,,,,,,,,,,,,,,,,,,,,,,,,,,,,,,,,,,,,44.50(2.49),,,,,,,79.50(0.32),,,,,,,,,,,,,,,,,,,,,86.01(0.11),81.07(0.42),,,,86.01(0.11),84.33(0.76),85.88(0.23),86.01(0.29),,,,,,,,,,,85.97(0.13),,,,,,,,,,,,,,,,,,,,,,,,,,85.38(0.11),80.84(0.52),86.05(0.11),,,,,,85.85(0.14),,58.15(0.71),,,,,,,68.24(nan),49.99,49.99(0.03),74.83(0.00),74.56(0.00),77.26(0.00),74.41(0.00),75.30(0.00),
STAGGER_f1_2500_to_f2_2500_w500_total5000,25,,,,,,,,,,,,,,,,,,,,,,,,,,,,,,,,,,,,,,,,,,,,,,,,,,,,,,,,,,,43.22(3.21),,,,,,,70.13(0.76),,,,,,,,,,,,,,,,,,,,,69.71(0.33),,,,,69.71(0.33),,,70.05(0.24),,,,,,,,,,,71.09(0.22),,,,,,,,,,,,,,,,,,,,,,,,,,,,,,,,,,69.19(0.26),,51.43(0.35),,,,,,,63.01(nan),49.97,49.91(0.05),68.05(0.00),,,,,
STAGGER_f1_2500_to_f2_2500_w500_total5000,50,,,,,,,,,,,,,,,,,,,,,,,,,,,,,,,,,,,,,,,,,,,,,,,,,,,,,,,,,,,43.70(2.52),,,,,,,70.80(0.22),,,,,,,,,,,,,,,,,,,,,74.88(0.14),,,,,74.88(0.14),,,74.92(0.20),,,,,,,,,,,75.97(0.31),,,,,,,,,,,,,,,,,,,,,,,,,,,,,,,,,,73.69(0.50),,53.67(0.56),,,,,,,63.74(nan),49.99,50.00(0.00),66.99(0.00),,,,,
STAGGER_f1_2500_to_f2_2500_w500_total5000,75,,,,,,,,,,,,,,,,,,,,,,,,,,,,,,,,,,,,,,,,,,,,,,,,,,,,,,,,,,,44.54(2.54),,,,,,,77.27(0.57),,,,,,,,,,,,,,,,,,,,,84.36(0.13),80.46(0.34),,,,84.36(0.13),,,84.37(0.10),,,,,,,,,,,85.02(0.02),,,,,,,,,,,,,,,,,,,,,,,,,,84.03(0.14),80.23(0.41),84.29(0.08),,,,,,83.70(0.37),,59.01(1.06),,,,,,,66.99(nan),49.99,49.99(0.03),74.01(0.00),,,,,
a8a,25,60.69(nan),63.27(nan),62.28(nan),62.40(nan),62.46(nan),63.88(nan),63.04(nan),63.04(nan),,61.90(nan),,63.67(nan),62.31(0.35),62.14(0.24),60.47(nan),62.33(nan),62.23(nan),,,60.53(nan),63.56(nan),63.43(nan),63.43(nan),62.40(0.17),62.44(0.07),62.35(0.14),62.44(0.16),62.39(0.14),62.42(0.21),62.60(0.10),61.93(nan),62.53(0.14),63.36(nan),,62.10(nan),62.36(nan),61.96(nan),60.55(0.08),62.24(0.12),60.48(0.11),62.43(nan),62.34(nan),62.31(0.17),,62.24(nan),62.13(0.12),,,59.87(nan),,60.41(nan),62.62(nan),,,,,,,53.15(1.38),57.98(0.58),,,,,61.48(0.14),50.29(0.15),56.25(nan),,59.78(nan),59.04(0.00),52.71(nan),,59.57(nan),61.36(0.11),59.67(nan),61.44(nan),62.83(nan),62.69(nan),62.75(nan),60.31(nan),62.42(nan),61.99(nan),62.08(nan),62.06(nan),,63.16(nan),62.16(0.16),,,,,63.51(0.11),,63.49(0.04),63.57(0.07),,,,,,,,,,,67.08(0.09),,,,,,,,,,,,,,,,,,,,,,,,,,,,,63.30(0.43),,,,,57.23(0.59),,50.00(0.01),56.92(nan),,,,,,53.57(0.00),60.67,49.99(0.00),60.70(0.00),,,,,59.95(0.17)
a8a,50,68.88(nan),70.33(nan),69.33(nan),68.60(nan),69.49(nan),70.45(nan),69.67(nan),69.72(nan),,69.40(nan),,69.47(nan),69.01(0.31),68.93(0.19),68.40(nan),69.51(nan),69.09(nan),,,68.52(nan),70.37(nan),69.61(nan),69.61(nan),69.48(0.15),69.36(0.17),69.39(0.07),69.37(0.09),69.28(0.12),69.35(0.11),69.33(0.17),69.41(nan),69.46(0.11),69.57(nan),,69.02(nan),69.17(nan),69.15(nan),68.20(0.22),69.13(0.23),68.18(0.15),69.34(nan),69.52(nan),69.05(0.15),,69.18(nan),69.21(0.08),,,67.80(nan),,68.79(nan),69.91(nan),,,,,,,61.56(0.86),65.93(0.26),,,,,68.51(0.55),56.65(0.64),65.09(nan),67.88(0.12),67.51(nan),67.17(0.00),59.16(nan),67.87(0.15),67.43(nan),67.57(0.11),67.33(nan),68.21(nan),69.84(nan),69.59(nan),69.64(nan),68.23(nan),69.38(nan),69.06(nan),69.08(nan),68.94(nan),,70.43(nan),69.17(0.19),,,,,70.54(0.11),,,70.55(0.10),,,,,,,,,,,73.44(0.07),,,,,,,,,,,,,,,,,,,,,,,,,,,,,69.77(0.07),,,,,65.63(0.12),,55.34(2.01),65.48(nan),,,,,,54.63(0.00),66.46,50.01(0.00),67.65(0.00),,,,,66.76(0.20)
a8a,75,72.95(nan),73.94(nan),72.71(nan),72.64(nan),73.14(nan),73.47(nan),72.60(nan),72.62(nan),,72.55(nan),72.55(nan),73.00(nan),72.85(0.08),72.59(0.22),72.39(nan),72.95(nan),72.87(nan),73.03(nan),72.70(nan),72.44(nan),73.81(nan),72.97(nan),72.97(nan),72.80(0.16),72.93(0.18),72.81(0.06),72.96(0.19),72.84(0.11),72.95(0.21),72.89(0.23),72.83(nan),72.90(0.21),72.47(nan),72.58(nan),73.00(nan),73.18(nan),72.68(nan),72.14(0.20),72.93(0.21),72.12(0.24),73.24(nan),73.06(nan),72.89(0.15),72.62(nan),72.86(nan),72.87(0.05),72.94(nan),72.98(nan),71.35(0.08),51.16(nan),72.77(nan),73.43(nan),71.08(nan),72.66(nan),71.08(nan),72.66(nan),72.77(nan),72.81(nan),67.64(0.54),70.26(0.24),72.70(nan),72.21(nan),72.78(nan),72.91(nan),72.47(0.18),63.31(0.50),69.44(nan),,72.14(nan),72.40(0.00),64.15(nan),71.91(0.12),72.11(nan),71.49(0.08),72.07(nan),72.51(nan),73.17(nan),73.18(nan),73.17(nan),72.23(nan),72.67(nan),72.73(nan),72.69(nan),72.42(nan),72.82(nan),74.00(nan),72.61(nan),,,72.40(nan),72.13(nan),74.10(0.13),,74.11(0.11),74.18(0.09),,73.64(0.15),74.18(0.09),74.08(0.06),74.16(0.11),74.18(0.09),71.50(0.07),79.61(0.08),75.23(0.04),76.19(0.16),76.65(0.08),76.12(0.09),76.13(0.16),76.49(0.08),76.51(0.06),76.42(0.14),73.88(0.24),73.76(0.10),73.89(0.24),70.64(0.17),70.51(0.43),70.67(0.19),76.63(0.07),76.60(0.07),76.61(0.13),76.59(0.08),76.65(0.08),76.59(0.11),76.61(0.16),75.67(0.14),76.63(0.07),76.50(0.05),78.39(0.11),74.12(0.06),76.41(0.11),75.56(0.14),,,,73.44(0.57),72.84(0.26),,,,70.31(0.19),50.05(0.01),62.88(0.94),69.53(nan),65.90(nan),67.93(nan),65.84(nan),50.02(nan),64.94(nan),56.56(nan),70.63,49.99(0.00),71.86(0.00),,,,,70.91(0.35)
a8a,100,75.63(nan),75.98(nan),,,,,74.21(nan),,,,,74.52(nan),,,,,,,,,,74.65(nan),74.65(nan),,,,,,,,,,,,,,,,,,,,,,,,,,,,75.52(nan),75.55(nan),,,,,,,,,,,,,,68.49(0.37),72.90(nan),,75.03(nan),,68.36(nan),,74.86(nan),,74.95(nan),,74.82(nan),,,75.11(nan),74.60(nan),,,,,,,,,,,,,,,,,,,,,,,,,,,,,,,,,,,,,,,,,,,,,,,,,,,,,,,,,,,,,,,,,,,,,,,,,,,,73.65(0.25)
airlines,25,59.56(nan),60.41(nan),60.34(nan),59.33(nan),,,,,,,,,,,59.88(nan),60.38(nan),60.38(nan),,,60.04(nan),60.25(nan),,,,,,,,,,,,59.88(nan),,,,,,,,,,,,,,,,60.64(nan),,60.59(nan),60.79(nan),,,,,,,60.04(0.00),,,,,,,50.00(0.00),60.44(nan),,58.85(nan),50.01(0.00),49.99(nan),,58.63(nan),60.05(0.04),58.68(nan),53.90(nan),60.87(nan),60.92(nan),60.87(nan),60.08(nan),60.27(nan),60.41(nan),60.36(nan),60.34(nan),,,,,,,,,,,,,,,,,,,,,,,,,,,,,,,,,,,,,,,,,,,,,,,,,,,,,,,,61.11(0.08),,59.81(0.05),60.26(nan),,,,,,,,,,,,,,
airlines,50,59.57(nan),60.66(nan),60.68(nan),59.11(nan),,,,,,,,,,,59.84(nan),60.62(nan),60.69(nan),,,60.02(nan),60.34(nan),,,,,,,,,,,,60.34(nan),,,,,,,,,,,,,,,,60.57(nan),,60.31(nan),61.15(nan),,,,,,,60.03(0.01),,,,,,,50.00(0.00),61.11(nan),60.16(0.02),58.85(nan),50.03(0.00),49.97(nan),60.14(0.02),58.76(nan),60.17(0.02),59.12(nan),56.38(nan),61.18(nan),61.18(nan),61.18(nan),59.68(nan),60.63(nan),60.66(nan),60.66(nan),60.62(nan),,,,,,,,,,,,,,,,,,,,,,,,,,,,,,,,,,,,,,,,,,,,,,,,,,,,,,,,62.83(0.09),,59.80(0.17),60.59(nan),,,,,,,,,,,,,,
airlines,75,59.59(nan),61.23(nan),61.10(nan),59.24(nan),,,,,,,,,,,59.73(nan),61.62(nan),61.94(nan),,,59.90(nan),61.19(nan),,,,,,,,,,,,61.79(nan),,,,,,,,,,,,,,,,60.55(0.07),61.51(nan),60.59(nan),61.57(nan),60.14(nan),61.13(nan),60.14(nan),61.13(nan),61.46(nan),61.50(nan),60.02(0.01),,,,,,,50.00(0.00),62.06(nan),,59.05(nan),50.06(0.00),49.96(nan),,58.99(nan),60.45(0.04),59.22(nan),52.04(nan),61.64(nan),61.91(nan),61.64(nan),59.67(nan),61.38(nan),61.26(nan),61.38(nan),61.28(nan),,,,,,,,,,,,,,,,,,,,,,,,,,,,,,,,,,,,,,,,,,,,,,,,,,,,,,,,64.84(0.04),,59.78(0.17),61.04(nan),,,,,,,,,,,,,,
airlines,100,59.66(nan),62.74(nan),,,,,,,,,,,,,,,,,,,,,,,,,,,,,,,,,,,,,,,,,,,,,,,,,60.86(nan),62.45(nan),,,,,,,,,,,,,,53.91(5.36),63.98(nan),,59.33(nan),,54.70(nan),,58.84(nan),,58.99(nan),,63.71(nan),,,59.83(nan),63.84(nan),,,,,,,,,,,,,,,,,,,,,,,,,,,,,,,,,,,,,,,,,,,,,,,,,,,,,,,,,,,,,,,,,,,,,,,,,,,,63.11(0.06)
australian,25,57.06(nan),65.91(nan),63.22(nan),57.36(nan),67.79(nan),66.85(nan),68.13(nan),68.13(nan),,67.28(nan),,67.18(nan),66.05(2.47),65.47(2.35),56.55(nan),66.98(nan),67.83(nan),,,56.97(nan),66.92(nan),67.12(nan),67.12(nan),65.29(1.71),65.30(1.81),65.28(1.65),65.08(1.73),65.25(1.67),65.34(1.79),65.21(1.80),66.82(nan),65.27(1.78),65.97(nan),,67.18(nan),66.72(nan),67.28(nan),57.22(2.09),65.72(1.44),57.49(1.78),67.27(nan),67.08(nan),65.76(1.49),,66.72(nan),65.97(1.49),,,59.12(nan),,58.44(nan),64.39(nan),,,,,,,52.91(1.82),51.50(1.94),,,,,64.47(0.42),50.04(0.74),65.32(nan),,55.67(nan),68.85(0.00),49.75(nan),,54.01(nan),66.73(0.40),53.98(nan),56.72(nan),65.29(nan),65.09(nan),65.09(nan),57.75(nan),66.75(nan),66.27(nan),66.37(nan),65.27(nan),,64.60(nan),64.69(1.77),,,,,64.69(1.77),,65.27(1.78),65.43(1.88),,,,,,,,,,,65.55(1.54),,,,,,,,,,,,,,,,,,,,,,,,,,,,,65.92(2.14),,,,,60.82(1.34),,50.76(1.99),54.02(nan),,,,,,53.42(0.00),53.09,45.11(0.86),65.23(0.40),,,,,
australian,50,57.87(nan),75.55(nan),73.18(nan),62.90(nan),75.77(nan),75.97(nan),76.98(nan),76.98(nan),,76.53(nan),,76.72(nan),76.08(1.32),75.36(1.24),56.37(nan),75.48(nan),76.69(nan),,,55.79(nan),75.77(nan),77.50(nan),77.50(nan),75.38(1.07),75.42(1.04),75.44(0.99),75.53(1.14),75.52(1.01),76.21(0.78),75.55(1.15),76.49(nan),75.32(1.08),76.72(nan),,76.00(nan),76.36(nan),76.49(nan),60.23(1.29),76.00(1.13),60.30(1.50),75.16(nan),75.64(nan),75.96(0.97),,76.04(nan),75.81(0.87),,,61.59(nan),,59.97(nan),75.82(nan),,,,,,,55.42(0.61),54.67(5.40),,,,,75.31(1.05),50.68(0.38),73.76(nan),77.13(0.20),58.57(nan),80.25(0.00),63.76(nan),77.31(0.24),60.88(nan),77.25(0.58),58.63(nan),63.95(nan),77.31(nan),77.05(nan),77.05(nan),59.14(nan),76.66(nan),76.69(nan),76.40(nan),76.30(nan),,73.69(nan),75.67(1.26),,,,,75.67(1.26),,,75.77(1.44),,,,,,,,,,,76.38(1.50),,,,,,,,,,,,,,,,,,,,,,,,,,,,,75.89(0.97),,,,,74.03(1.53),,55.80(1.82),52.94(nan),,,,,,50.61(0.00),56.09,44.11(0.65),71.71(0.34),,,,,
australian,75,60.55(nan),81.87(nan),79.04(nan),63.85(nan),80.18(nan),80.54(nan),80.96(nan),80.96(nan),,80.54(nan),80.54(nan),80.70(nan),81.71(0.62),81.68(0.73),56.47(nan),80.21(nan),81.15(nan),77.02(nan),77.47(nan),61.54(nan),80.86(nan),81.68(nan),81.68(nan),81.15(0.88),81.00(1.00),81.19(0.86),80.91(0.93),80.97(1.04),81.01(1.19),80.96(1.05),80.86(nan),80.99(0.94),82.26(nan),80.54(nan),80.70(nan),80.44(nan),80.54(nan),58.91(1.77),81.26(0.71),59.79(1.64),80.18(nan),80.01(nan),81.26(0.71),80.57(nan),80.57(nan),81.15(0.77),80.44(nan),80.57(nan),62.72(2.22),80.02(nan),62.15(nan),83.41(nan),65.15(nan),80.18(nan),65.15(nan),80.18(nan),80.34(nan),80.08(nan),58.70(1.80),56.80(9.64),80.74(nan),79.63(nan),78.25(nan),80.73(nan),79.13(0.59),50.28(0.66),81.16(nan),,58.14(nan),83.86(0.00),70.04(nan),82.19(0.23),62.51(nan),81.66(0.40),64.73(nan),65.15(nan),82.23(nan),82.56(nan),82.23(nan),60.03(nan),82.13(nan),80.87(nan),80.87(nan),80.70(nan),80.54(nan),81.55(nan),81.71(nan),81.60(0.57),81.20(0.86),80.37(nan),77.93(nan),80.68(1.42),66.02(2.16),80.99(0.94),81.54(0.87),81.15(1.43),78.48(1.70),81.51(0.86),81.29(0.93),81.31(0.80),81.54(0.87),60.44(0.77),81.79(1.14),81.27(1.02),81.29(0.89),81.58(0.98),62.40(1.46),62.05(2.45),81.58(0.98),80.92(1.34),81.24(0.53),81.38(0.45),80.65(1.28),81.05(1.27),78.91(0.97),79.70(0.96),78.88(0.75),81.35(0.97),80.59(1.12),79.07(1.83),81.55(0.81),81.58(0.98),81.09(1.30),80.81(1.36),58.26(1.93),81.35(0.97),80.70(1.13),81.54(1.13),81.25(1.05),81.24(0.90),81.45(0.79),,80.40(1.34),,81.25(1.62),80.77(1.61),80.71(1.50),80.59(1.24),79.40(0.52),77.23(0.82),48.68(0.26),61.03(2.10),54.50(nan),69.75(nan),80.83(nan),69.79(nan),52.55(nan),52.55(nan),48.21(nan),57.11,42.86(1.20),61.76(7.62),61.71(2.98),53.65(5.22),61.71(2.98),50.31(7.36),72.34(1.29)
australian,100,63.06(nan),84.29(nan),,,,,83.67(nan),,,,,84.55(nan),,,,,,,,,,83.40(nan),83.40(nan),,,,,,,,,,,,,,,,,,,,,,,,,,,,62.54(nan),84.19(nan),,,,,,,,,,,,,,59.52(12.28),84.09(nan),,58.70(nan),,73.01(nan),,60.66(nan),,61.40(nan),,85.07(nan),,,61.60(nan),84.28(nan),,,,,,,,,,,,,,,,,,,,,,,,,,,,,,,,,,,,,,,,,,,,,,,,,,,,,,,,,,,,,,,,,,,,,,,,,,,,77.74(1.01)
chessweka,25,54.42(nan),54.51(nan),53.03(nan),54.17(nan),52.65(nan),51.63(nan),51.71(nan),51.71(nan),,,,51.20(nan),,,54.14(nan),52.55(nan),52.99(nan),,,54.89(nan),51.36(nan),51.62(nan),51.62(nan),,,,,,,,,,51.04(nan),,,,,,,,,,,,,,,,52.23(nan),,55.52(nan),52.25(nan),,,,,,,56.59(1.39),,,,,,,51.30(0.20),53.76(nan),,49.65(nan),56.19(0.00),54.41(nan),,51.81(nan),57.44(0.60),50.89(nan),58.47(nan),54.99(nan),54.66(nan),55.08(nan),52.73(nan),55.74(nan),53.12(nan),55.25(nan),55.25(nan),,,,,,,,,,,,,,,,,,,,,,,,,,,,,,,,,,,,,,,,,,,,,,,,,,,,,,,,50.42(0.62),,51.31(2.33),50.18(nan),,,,,,,,,,,,,,
chessweka,50,54.85(nan),59.40(nan),55.59(nan),59.85(nan),60.16(nan),62.51(nan),55.07(nan),55.07(nan),,,,54.88(nan),,,55.60(nan),58.59(nan),57.56(nan),,,57.69(nan),57.83(nan),55.83(nan),55.83(nan),,,,,,,,,,53.63(nan),,,,,,,,,,,,,,,,55.96(nan),,56.60(nan),58.48(nan),,,,,,,57.36(1.04),,,,,,,51.55(0.17),59.02(nan),63.70(0.72),56.23(nan),62.57(0.00),59.52(nan),63.87(0.63),56.37(nan),63.38(0.41),57.62(nan),66.83(nan),62.60(nan),60.39(nan),62.93(nan),54.65(nan),62.59(nan),61.31(nan),62.23(nan),61.51(nan),,,,,,,,,,,,,,,,,,,,,,,,,,,,,,,,,,,,,,,,,,,,,,,,,,,,,,,,51.72(1.40),,51.90(1.66),49.34(nan),,,,,,,,,,,,,,
chessweka,75,62.86(nan),58.58(nan),61.48(nan),66.36(nan),67.81(nan),68.73(nan),65.90(nan),65.90(nan),,,,65.99(nan),,,67.10(nan),69.32(nan),68.50(nan),,,62.49(nan),69.49(nan),64.98(nan),64.98(nan),,,,,,,,,,63.62(nan),,,,,,,,,,,,,,,,61.07(1.31),68.20(nan),56.89(nan),60.16(nan),60.60(nan),67.93(nan),60.60(nan),67.93(nan),69.10(nan),66.80(nan),54.26(1.72),,,,,,,51.12(0.78),64.69(nan),,64.11(nan),68.69(0.00),63.67(nan),,63.95(nan),71.01(0.81),62.20(nan),77.32(nan),69.32(nan),68.50(nan),68.08(nan),67.13(nan),68.15(nan),65.83(nan),66.44(nan),66.70(nan),,,,,,,,,,,,,,,,,,,,,,,,,,,,,,,,,,,,,,,,,,,,,,,,,,,,,,,,60.18(2.30),,50.09(0.89),49.92(nan),52.04(nan),49.60(nan),51.56(nan),52.57(nan),52.57(nan),,,,,,,,,
chessweka,100,70.43(nan),64.26(nan),,,,,71.80(nan),,,,,69.60(nan),,,,,,,,,,70.26(nan),70.26(nan),,,,,,,,,,,,,,,,,,,,,,,,,,,,63.54(nan),69.10(nan),,,,,,,,,,,,,,62.41(2.49),70.88(nan),,68.53(nan),,67.88(nan),,68.53(nan),,67.78(nan),,74.10(nan),,,68.44(nan),74.62(nan),,,,,,,,,,,,,,,,,,,,,,,,,,,,,,,,,,,,,,,,,,,,,,,,,,,,,,,,,,,,,,,,,,,,,,,,,,,,64.46(1.51)
diabetes_f,25,46.73(nan),51.93(nan),49.38(nan),48.45(nan),51.89(nan),51.84(nan),52.74(nan),52.74(nan),,52.45(nan),,53.94(nan),53.15(1.29),52.46(1.47),48.21(nan),50.79(nan),51.56(nan),,,47.76(nan),50.40(nan),53.57(nan),53.57(nan),52.00(1.15),51.92(1.22),52.00(1.15),51.92(1.23),51.92(1.22),52.30(1.09),52.05(1.17),51.92(nan),52.00(1.14),53.86(nan),,52.75(nan),52.38(nan),51.82(nan),46.91(0.92),52.77(1.17),47.10(0.41),51.06(nan),50.70(nan),52.81(1.09),,52.46(nan),52.94(0.91),,,48.76(nan),,47.24(nan),52.02(nan),,,,,,,48.68(0.87),50.33(0.38),,,,,52.25(0.76),50.49(0.61),55.23(nan),,47.50(nan),57.22(0.00),51.25(nan),,49.23(nan),58.96(0.41),47.57(nan),56.49(nan),51.93(nan),52.23(nan),52.23(nan),46.51(nan),52.36(nan),52.29(nan),52.19(nan),52.47(nan),,49.96(nan),53.57(1.33),,,,,53.57(1.33),,52.00(1.14),55.13(1.60),,,,,,,,,,,55.96(1.65),,,,,,,,,,,,,,,,,,,,,,,,,,,,,52.91(1.30),,,,,53.12(0.85),,49.51(0.70),50.67(nan),,,,,,49.82(0.00),49.5,45.74(0.31),58.15(0.00),,,,,
diabetes_f,50,47.89(nan),53.86(nan),52.05(nan),52.10(nan),57.25(nan),56.29(nan),58.97(nan),58.97(nan),,58.61(nan),,57.95(nan),57.97(1.26),57.07(1.09),50.12(nan),55.20(nan),56.12(nan),,,51.87(nan),54.06(nan),58.31(nan),58.31(nan),57.22(1.60),57.13(1.71),57.17(1.63),57.22(1.63),57.20(1.66),57.11(1.36),57.13(1.68),57.17(nan),57.39(1.91),56.67(nan),,58.25(nan),57.99(nan),57.27(nan),48.04(1.28),57.70(0.99),48.26(1.38),56.33(nan),55.06(nan),57.64(0.97),,58.33(nan),58.05(1.01),,,47.11(nan),,45.69(nan),52.44(nan),,,,,,,49.72(0.41),49.93(0.35),,,,,55.87(0.77),50.13(0.44),61.20(nan),63.39(0.36),50.34(nan),62.10(0.00),48.75(nan),63.66(0.39),50.59(nan),63.26(0.35),50.42(nan),58.72(nan),55.90(nan),56.10(nan),56.00(nan),48.13(nan),56.51(nan),56.06(nan),56.24(nan),56.34(nan),,53.82(nan),58.79(1.43),,,,,58.79(1.43),,,59.78(1.25),,,,,,,,,,,60.98(1.23),,,,,,,,,,,,,,,,,,,,,,,,,,,,,57.13(1.14),,,,,55.53(0.37),,51.20(0.90),49.99(nan),,,,,,51.34(0.00),50.09,49.16(1.16),59.82(0.00),,,,,
diabetes_f,75,50.96(nan),57.53(nan),55.10(nan),53.05(nan),63.46(nan),63.04(nan),64.81(nan),64.81(nan),,64.52(nan),64.52(nan),64.66(nan),63.98(0.83),63.03(0.91),50.30(nan),62.35(nan),63.11(nan),62.94(nan),61.79(nan),48.95(nan),62.25(nan),64.87(nan),64.87(nan),62.63(1.02),62.68(1.01),62.57(1.02),62.65(1.02),62.78(1.08),62.66(0.99),62.68(1.03),63.11(nan),62.51(0.96),65.41(nan),63.68(nan),63.48(nan),63.77(nan),63.21(nan),50.75(1.85),63.35(1.08),50.79(0.87),63.18(nan),62.52(nan),63.44(1.12),63.77(nan),63.68(nan),63.84(0.96),63.77(nan),63.77(nan),51.09(1.47),61.88(nan),49.86(nan),62.52(nan),51.85(nan),63.18(nan),51.85(nan),63.18(nan),63.27(nan),63.51(nan),51.81(0.51),49.84(0.27),62.69(nan),62.74(nan),59.99(nan),62.58(nan),63.10(0.72),50.21(0.30),65.60(nan),,49.46(nan),68.24(0.00),49.23(nan),67.12(0.29),49.87(nan),66.58(0.43),51.11(nan),56.36(nan),63.45(nan),63.46(nan),63.46(nan),49.47(nan),63.05(nan),63.05(nan),62.58(nan),62.69(nan),63.48(nan),63.01(nan),65.37(nan),,,61.13(nan),60.72(nan),64.52(1.13),55.15(1.21),62.51(0.96),64.83(1.89),63.61(0.89),61.20(4.90),64.85(1.88),63.72(1.47),65.23(1.91),64.83(1.89),49.63(1.00),67.46(0.91),64.82(1.73),65.39(1.92),65.18(1.45),51.70(1.07),50.98(0.52),65.18(1.45),65.40(1.90),66.08(1.93),66.05(1.59),65.81(1.20),66.05(2.06),64.18(1.60),64.49(1.25),64.55(1.32),64.36(1.61),63.70(1.34),60.79(1.07),65.82(1.40),65.18(1.45),65.92(1.76),66.01(1.23),50.30(1.76),64.36(1.61),65.61(1.31),66.54(1.70),65.15(1.79),65.34(1.80),66.75(1.72),,63.56(0.95),,62.82(1.81),61.51(1.26),61.99(0.91),61.81(0.92),64.88(1.38),59.90(0.99),51.20(0.17),50.37(0.85),50.21(nan),51.82(nan),54.08(nan),51.80(nan),49.58(nan),49.58(nan),50.10(nan),49.17,46.70(1.20),58.57(5.57),62.27(0.47),59.35(7.03),62.27(0.47),62.89(0.44),56.18(1.04)
diabetes_f,100,54.48(nan),62.76(nan),,,,,67.14(nan),,,,,68.67(nan),,,,,,,,,,67.11(nan),67.11(nan),,,,,,,,,,,,,,,,,,,,,,,,,,,,53.69(nan),65.04(nan),,,,,,,,,,,,,,50.50(0.80),68.43(nan),,53.27(nan),,54.71(nan),,55.16(nan),,56.14(nan),,65.41(nan),,,52.54(nan),66.18(nan),,,,,,,,,,,,,,,,,,,,,,,,,,,,,,,,,,,,,,,,,,,,,,,,,,,,,,,,,,,,,,,,,,,,,,,,,,,,59.23(2.48)
elec,25,58.27(nan),64.74(nan),66.52(nan),63.23(nan),70.01(nan),69.32(nan),70.10(nan),70.10(nan),,69.51(nan),,70.10(nan),65.10(0.25),67.64(0.22),59.45(nan),66.11(nan),65.50(nan),,,59.78(nan),66.58(nan),69.93(nan),69.93(nan),65.75(0.24),66.05(0.12),65.75(0.31),66.07(0.10),66.16(0.18),66.09(0.15),66.21(0.10),68.00(nan),64.80(0.19),68.42(nan),,69.45(nan),70.20(nan),69.03(nan),61.17(0.40),70.04(0.40),61.44(0.72),70.04(nan),69.52(nan),69.93(0.33),,68.98(nan),68.96(0.39),,,71.45(nan),,72.00(nan),75.65(nan),,,,,,,54.26(0.67),66.64(0.21),,,,,72.21(0.17),60.41(0.18),70.39(nan),,53.96(nan),57.24(0.00),50.50(nan),,53.72(nan),65.13(0.60),54.45(nan),63.84(nan),75.66(nan),74.43(nan),74.86(nan),57.74(nan),64.69(nan),66.16(nan),66.15(nan),65.03(nan),,69.18(nan),69.59(0.28),,,,,69.68(0.28),,64.83(0.14),67.76(0.54),,,,,,,,,,,68.29(0.53),,,,,,,,,,,,,,,,,,,,,,,,,,,,,66.38(0.35),,,,,65.93(0.98),,50.86(0.42),62.85(nan),,,,,,52.06(nan),50.43,47.52(0.09),62.17(0.32),,,,,72.64(0.12)
elec,50,61.31(nan),70.51(nan),72.00(nan),70.89(nan),75.63(nan),74.96(nan),76.43(nan),76.43(nan),,75.05(nan),,76.60(nan),70.68(0.24),73.66(0.55),64.06(nan),71.67(nan),70.82(nan),,,64.47(nan),72.34(nan),76.51(nan),76.51(nan),71.44(0.14),71.54(0.24),71.37(0.14),71.83(0.23),72.09(0.17),71.86(0.19),71.80(0.26),73.30(nan),70.55(0.12),74.31(nan),,74.34(nan),74.72(nan),73.22(nan),65.74(0.58),74.96(0.65),66.32(0.31),75.64(nan),75.22(nan),75.61(0.38),,74.50(nan),74.95(0.32),,,74.57(nan),,73.81(nan),79.62(nan),,,,,,,57.63(0.64),72.31(0.22),,,,,78.08(0.17),65.27(0.15),76.36(nan),69.87(0.08),56.99(nan),61.75(0.00),51.80(nan),69.47(0.26),56.87(nan),70.69(0.10),56.79(nan),67.80(nan),78.99(nan),77.91(nan),78.54(nan),61.09(nan),70.75(nan),72.08(nan),72.20(nan),72.21(nan),,74.75(nan),75.16(0.44),,,,,75.20(0.30),,,72.36(0.43),,,,,,,,,,,72.87(0.35),,,,,,,,,,,,,,,,,,,,,,,,,,,,,71.52(0.22),,,,,72.12(0.64),,52.30(0.58),68.06(nan),,,,,,54.31(nan),51.02,46.22(0.17),63.11(0.03),,,,,77.34(0.18)
elec,75,65.10(nan),75.13(nan),76.75(nan),77.82(nan),81.39(nan),79.80(nan),81.68(nan),81.68(nan),81.68(nan),79.88(nan),79.88(nan),81.79(nan),75.51(0.14),78.25(0.41),69.02(nan),76.34(nan),75.69(nan),79.52(nan),80.84(nan),69.28(nan),77.41(nan),81.52(nan),81.52(nan),75.88(0.18),76.36(0.27),75.92(0.23),76.58(0.52),76.93(0.20),76.49(0.29),76.74(0.18),78.39(nan),75.22(0.18),80.67(nan),79.58(nan),79.27(nan),79.62(nan),77.24(nan),70.43(0.58),79.99(0.25),70.10(0.13),80.44(nan),80.46(nan),80.27(0.30),79.65(nan),79.73(nan),79.89(0.37),79.36(nan),79.96(nan),75.93(1.14),91.74(nan),75.53(nan),83.42(nan),68.81(nan),82.73(nan),68.81(nan),82.73(nan),85.32(nan),84.92(nan),63.26(0.72),77.82(0.13),81.28(nan),81.32(nan),82.16(nan),77.99(nan),82.92(0.29),70.85(0.28),81.72(nan),,62.48(nan),64.95(0.00),54.09(nan),74.84(0.27),62.18(nan),75.51(0.17),62.59(nan),65.11(nan),82.91(nan),82.05(nan),82.63(nan),64.58(nan),75.31(nan),76.52(nan),76.60(nan),76.95(nan),79.80(nan),78.83(nan),80.39(nan),,,78.75(nan),76.19(nan),79.87(0.41),,75.23(0.16),77.18(0.45),,76.20(0.18),77.18(0.45),76.71(0.29),75.54(0.20),77.18(0.45),64.20(0.56),77.71(0.49),77.38(0.15),77.42(0.26),77.15(0.43),77.79(0.47),77.83(0.65),77.15(0.43),76.26(0.19),75.79(0.26),74.84(0.09),74.42(0.12),74.77(0.28),71.79(2.27),72.82(0.33),71.23(1.44),75.67(0.09),76.65(0.24),79.02(0.47),76.93(0.22),77.15(0.43),77.74(0.49),78.35(0.27),71.21(0.56),75.67(0.09),75.55(0.37),77.72(0.41),77.39(0.55),77.70(0.53),77.43(0.17),,,,75.95(0.11),76.73(0.37),,,,77.84(0.57),,55.90(1.06),73.42(nan),67.64(nan),63.50(nan),69.37(nan),69.52(nan),70.36(nan),58.82(nan),54.49,46.25(0.16),62.43(0.18),,,,,80.86(0.22)
elec,100,74.49(nan),81.17(nan),,,,,86.78(nan),,,,,86.50(nan),,,,,,,,,,86.44(nan),86.44(nan),,,,,,,,,,,,,,,,,,,,,,,,,,,,81.24(nan),88.93(nan),,,,,,,,,,,,,,79.01(0.23),88.99(nan),,77.40(nan),,57.76(nan),,77.08(nan),,77.14(nan),,89.46(nan),,,73.83(nan),80.89(nan),,,,,,,,,,,,,,,,,,,,,,,,,,,,,,,,,,,,,,,,,,,,,,,,,,,,,,,,,,,,,,,,,,,,,,,,,,,,
german,25,50.67(nan),50.85(nan),51.01(nan),49.11(nan),50.04(nan),50.33(nan),52.36(nan),52.36(nan),,50.51(nan),,52.07(nan),50.27(0.36),50.28(0.29),49.59(nan),50.33(nan),50.69(nan),,,49.92(nan),50.33(nan),51.56(nan),51.56(nan),50.59(0.51),50.53(0.52),50.56(0.48),50.53(0.54),50.53(0.48),50.53(0.75),50.54(0.50),50.33(nan),50.53(0.56),51.42(nan),,50.33(nan),50.51(nan),50.51(nan),49.56(0.62),50.24(0.27),49.56(0.62),50.22(nan),50.04(nan),50.24(0.27),,50.33(nan),50.12(0.26),,,49.74(nan),,51.00(nan),50.57(nan),,,,,,,49.74(0.31),49.80(0.21),,,,,50.47(0.44),50.40(0.49),49.74(nan),,49.72(nan),52.65(0.00),50.65(nan),,49.54(nan),53.03(0.64),49.44(nan),53.01(nan),50.29(nan),50.03(nan),49.93(nan),49.73(nan),50.07(nan),50.18(nan),50.18(nan),50.18(nan),,52.49(nan),50.58(0.87),,,,,51.10(0.39),,51.11(0.48),51.63(0.32),,,,,,,,,,,52.51(0.39),,,,,,,,,,,,,,,,,,,,,,,,,,,,,50.11(0.46),,,,,49.67(0.29),,49.09(2.26),51.22(nan),,,,,,53.19(0.00),48.57,50.05(0.16),50.00(0.00),,,,,
german,50,49.93(nan),52.27(nan),54.17(nan),49.65(nan),52.29(nan),52.65(nan),55.58(nan),55.58(nan),,52.28(nan),,54.09(nan),52.08(0.83),52.47(1.26),49.22(nan),52.00(nan),52.18(nan),,,49.29(nan),51.99(nan),54.97(nan),54.97(nan),52.28(0.64),52.31(0.62),52.31(0.65),52.27(0.59),52.29(0.48),52.86(0.71),52.46(0.62),52.36(nan),52.46(0.77),54.03(nan),,52.54(nan),52.65(nan),52.50(nan),50.02(0.62),52.76(0.71),49.89(0.71),52.32(nan),52.51(nan),52.76(0.71),,52.50(nan),52.92(0.69),,,49.23(nan),,51.28(nan),51.95(nan),,,,,,,50.13(0.36),49.84(0.12),,,,,52.37(0.89),51.40(0.49),52.58(nan),58.37(0.66),49.97(nan),60.09(0.00),51.55(nan),58.23(0.58),50.66(nan),56.58(0.78),50.23(nan),53.48(nan),52.28(nan),51.74(nan),51.81(nan),50.75(nan),51.74(nan),51.74(nan),51.81(nan),51.56(nan),,55.15(nan),53.60(1.28),,,,,56.35(0.57),,,56.93(0.57),,,,,,,,,,,59.65(0.60),,,,,,,,,,,,,,,,,,,,,,,,,,,,,52.21(0.76),,,,,50.71(0.40),,49.16(1.29),50.63(nan),,,,,,53.79(0.00),50.74,50.00(0.00),55.99(0.37),,,,,
german,75,52.41(nan),55.80(nan),55.73(nan),52.77(nan),58.17(nan),57.19(nan),58.75(nan),58.75(nan),,58.24(nan),58.24(nan),59.26(nan),56.98(0.81),56.57(1.74),52.41(nan),56.46(nan),56.94(nan),57.88(nan),55.30(nan),52.09(nan),56.43(nan),58.13(nan),58.13(nan),56.27(1.39),56.55(1.27),56.43(1.28),56.31(1.21),56.58(1.26),56.67(1.25),56.58(1.26),57.81(nan),56.45(1.60),59.29(nan),57.84(nan),57.92(nan),57.74(nan),57.55(nan),51.94(0.82),57.29(1.86),51.88(0.71),56.57(nan),55.85(nan),57.33(1.79),57.84(nan),57.84(nan),57.40(1.85),57.74(nan),57.84(nan),51.28(1.09),53.70(nan),52.81(nan),55.15(nan),50.71(nan),55.55(nan),50.71(nan),55.55(nan),56.21(nan),55.55(nan),49.82(0.26),49.99(0.04),57.81(nan),56.02(nan),54.72(nan),55.92(nan),55.68(0.95),51.96(0.35),56.90(nan),,51.06(nan),62.62(0.00),59.07(nan),62.33(0.95),52.95(nan),60.00(1.17),51.47(nan),51.62(nan),55.88(nan),55.84(nan),55.95(nan),52.49(nan),55.41(nan),54.75(nan),55.12(nan),54.46(nan),57.92(nan),60.45(nan),59.95(nan),57.22(1.82),59.54(1.32),52.90(nan),50.00(nan),60.22(0.98),56.05(0.77),59.14(0.74),60.97(0.95),59.47(1.22),59.19(0.97),60.97(0.95),59.19(1.06),60.55(1.05),60.97(0.95),52.48(0.95),67.09(1.16),61.80(0.62),62.96(1.04),63.37(0.42),57.94(1.40),52.64(1.75),63.37(0.42),63.71(0.64),63.39(0.55),62.61(1.53),62.64(1.49),62.58(2.48),59.87(1.14),60.57(1.22),57.97(1.06),62.52(0.75),61.82(0.73),60.78(0.90),63.18(0.38),63.37(0.42),63.63(1.20),62.62(1.19),54.60(1.10),62.52(0.75),62.37(1.21),65.23(1.08),60.69(1.15),63.08(0.75),63.98(0.56),,58.99(1.29),,56.65(0.83),54.83(0.66),55.00(0.60),55.02(0.71),55.01(0.87),53.32(0.68),,48.99(1.11),50.99(nan),52.21(nan),54.86(nan),51.96(nan),50.10(nan),50.10(nan),54.05(nan),51.17,50.00(0.00),54.77(2.19),55.97(0.33),56.25(0.86),55.97(0.33),55.95(0.45),
german,100,57.57(nan),58.85(nan),,,,,60.23(nan),,,,,60.38(nan),,,,,,,,,,59.69(nan),59.69(nan),,,,,,,,,,,,,,,,,,,,,,,,,,,,56.56(nan),58.96(nan),,,,,,,,,,,,,,,60.16(nan),,56.16(nan),,59.18(nan),,57.00(nan),,56.20(nan),,59.29(nan),,,54.96(nan),57.98(nan),,,,,,,,,,,,,,,,,,,,,,,,,,,,,,,,,,,,,,,,,,,,,,,,,,,,,,,,,,,,,,,,,,,,,,,,,,,,50.31(0.38)
higgs,25,,,,,,,,,,,,,51.58(0.00),51.54(0.05),,,,,,,,,,,,,,,,,,51.56(0.02),,,,,,50.77(0.05),51.56(0.05),50.79(0.05),,,51.46(0.04),,,51.41(0.05),,,,,,,,,,,,,51.07(0.02),,,,,,51.14(0.01),51.56(0.05),,,,51.51(0.00),,,,50.88(0.02),,,,,,,,,,,,,,,,,,,,,,,,,,,,,,,,,,,,,,,,,,,,,,,,,,,,,,,,,,,,,,,,,,50.39(0.22),,51.18(0.04),,,,,,,50.56(0.00),50.57,49.86(0.02),,,,,,51.85(0.01)
higgs,50,,,,,,,,,,,,,54.26(0.04),54.23(0.01),,,,,,,,,,,,,,,,,,54.32(0.05),,,,,,52.40(0.02),54.30(0.01),52.34(0.01),,,54.18(0.09),,,54.14(0.01),,,,,,,,,,,,,53.21(0.07),,,,,,53.71(0.07),53.72(0.01),,52.02(0.04),,52.84(0.00),,51.78(0.04),,51.81(0.02),,,,,,,,,,,,,,,,,,54.25(0.04),,,,,,,,,,,,,,,,,,,,,,,,,,,,,,,,,,,,,,,,,,,,,,,,53.27(0.40),,53.10(0.06),,,,,,,51.50(0.00),51.21,49.82(0.03),,,,,,54.51(0.02)
higgs,75,,,,,,,,,,,,,57.67(0.01),57.72(0.03),,,,,,,,,,,,,,,,,,57.74(0.12),,,,,,54.90(0.01),57.70(0.08),54.80(0.00),,,57.53(0.08),,,57.56(0.14),,,,,,,,,,,,,56.14(0.04),,57.75(nan),57.60(nan),57.17(nan),57.69(nan),57.04(0.03),56.37(0.02),,,,54.17(0.00),,,,52.78(0.03),,,,,,,,,,,,,,,,,,57.64(0.09),,,,,,,,,,,,,,,,,,,,,,,,,,,,,,,,,,,,,,,,,,,,,,,,57.90(0.41),,55.48(0.05),,,,,,,52.48(0.00),51.98,49.81(0.01),,,,,,57.71(0.08)
ionosphere,25,50.71(nan),56.33(nan),54.40(nan),54.14(nan),62.86(nan),62.68(nan),62.51(nan),62.51(nan),,64.40(nan),,61.14(nan),59.06(3.36),59.25(3.30),52.56(nan),62.68(nan),63.87(nan),,,52.56(nan),63.08(nan),62.73(nan),62.73(nan),57.27(2.19),57.49(1.88),57.39(1.88),57.41(2.04),57.53(1.91),58.51(2.42),57.69(2.08),62.86(nan),58.05(1.78),62.78(nan),,64.05(nan),63.65(nan),62.46(nan),51.67(1.57),59.10(2.90),51.67(1.57),63.13(nan),62.56(nan),59.10(2.90),,63.43(nan),59.63(3.04),,,50.52(nan),,51.14(nan),56.43(nan),,,,,,,48.83(2.13),,,,,,53.01(2.92),51.38(0.85),60.17(nan),,57.95(nan),54.71(0.00),50.79(nan),,58.00(nan),61.38(0.81),57.51(nan),58.16(nan),58.54(nan),57.97(nan),57.97(nan),50.68(nan),57.83(nan),57.27(nan),57.27(nan),56.87(nan),,60.13(nan),58.81(1.28),,,,,58.81(1.28),,,,,,,,,,,,,,,,,,,,,,,,,,,,,,,,,,,,,,,,,,,57.97(2.54),,,,,62.96(2.42),,49.91(0.12),49.78(nan),,,,,,,,42.26(1.83),,,,,,
ionosphere,50,55.40(nan),66.63(nan),63.75(nan),61.59(nan),66.60(nan),67.05(nan),66.56(nan),66.56(nan),,69.21(nan),,66.16(nan),69.04(1.91),69.36(2.46),60.40(nan),66.83(nan),67.62(nan),,,60.79(nan),66.83(nan),66.16(nan),66.16(nan),64.69(1.45),65.31(1.24),64.69(1.45),65.20(1.38),65.20(1.74),66.48(2.25),65.39(1.34),68.02(nan),66.09(0.88),66.70(nan),,68.41(nan),69.21(nan),67.62(nan),61.35(1.55),69.44(2.02),61.19(1.44),66.25(nan),66.25(nan),69.53(2.20),,69.60(nan),70.13(1.92),,,57.03(nan),,57.32(nan),65.63(nan),,,,,,,49.29(1.85),,,,,,64.97(4.17),55.18(0.87),74.44(nan),73.03(1.09),64.95(nan),67.84(0.00),54.94(nan),73.12(1.13),65.79(nan),71.32(0.86),66.76(nan),62.59(nan),69.51(nan),68.49(nan),68.49(nan),57.25(nan),67.14(nan),67.67(nan),67.89(nan),68.46(nan),,69.73(nan),70.33(3.13),,,,,70.33(3.13),,,,,,,,,,,,,,,,,,,,,,,,,,,,,,,,,,,,,,,,,,,66.47(2.86),,,,,74.04(2.19),,54.92(1.69),62.62(nan),,,,,,,,43.51(1.75),,,,,,
ionosphere,75,64.00(nan),76.71(nan),75.16(nan),68.33(nan),79.22(nan),78.83(nan),78.87(nan),78.87(nan),78.87(nan),79.00(nan),79.00(nan),78.65(nan),77.45(0.71),77.35(1.32),70.44(nan),76.44(nan),78.25(nan),79.49(nan),79.30(nan),71.24(nan),76.67(nan),76.27(nan),76.27(nan),75.00(1.46),76.30(1.57),75.00(1.34),76.23(1.38),76.44(1.71),78.13(1.49),76.54(1.63),78.43(nan),76.97(1.71),77.06(nan),79.00(nan),79.22(nan),79.22(nan),78.21(nan),71.96(1.07),77.49(1.03),72.18(1.02),77.59(nan),77.24(nan),77.46(1.10),79.22(nan),79.22(nan),77.33(1.51),79.22(nan),79.22(nan),64.02(1.97),74.89(nan),67.54(nan),75.78(nan),66.41(nan),77.32(nan),66.41(nan),77.32(nan),77.41(nan),77.98(nan),49.65(2.34),,76.83(nan),76.75(nan),72.46(nan),76.03(nan),74.35(1.65),62.05(1.90),79.62(nan),,69.02(nan),75.56(0.00),60.27(nan),78.65(0.75),69.63(nan),78.55(1.02),68.97(nan),74.19(nan),78.73(nan),78.90(nan),79.13(nan),69.21(nan),77.43(nan),76.13(nan),75.33(nan),75.83(nan),78.21(nan),77.71(nan),76.29(nan),,,79.75(nan),73.65(nan),76.29(nan),,,,,,,,,,,,,,,,,,,,,,,,,,,,,,,,,,,,,,,,,,,76.74(1.49),76.56(2.61),76.60(2.66),76.58(2.39),77.96(1.69),79.08(1.67),,61.36(0.89),70.76(nan),68.14(nan),58.11(nan),68.54(nan),62.30(nan),62.30(nan),,,43.40(1.02),,,,,,54.31(1.77)
ionosphere,100,72.13(nan),82.29(nan),,,,,82.79(nan),,,,,81.83(nan),,,,,,,,,,80.46(nan),80.46(nan),,,,,,,,,,,,,,,,,,,,,,,,,,,,74.33(nan),81.21(nan),,,,,,,,,,,,,,70.46(1.22),83.63(nan),,73.92(nan),,64.06(nan),,74.54(nan),,74.71(nan),,81.90(nan),,,76.57(nan),82.06(nan),,,,,,,,,,,,,,,,,,,,,,,,,,,,,,,,,,,,,,,,,,,,,,,,,,,,,,,,,,,,,,,,,,,,,,,,,,,,56.29(3.02)
ipd,25,68.43(nan),81.66(nan),82.30(nan),67.98(nan),82.95(nan),82.49(nan),82.49(nan),82.49(nan),,,,82.13(nan),,,68.07(nan),82.22(nan),82.58(nan),,,67.71(nan),82.22(nan),82.13(nan),82.13(nan),,,,,,,,,,81.13(nan),,,,,,,,,,,,,,,,68.72(nan),,67.89(nan),83.59(nan),,,,,,,51.38(1.47),,,,,,,67.27(0.32),82.86(nan),,67.52(nan),82.23(0.00),67.63(nan),,67.97(nan),84.20(0.47),67.43(nan),72.73(nan),82.77(nan),82.77(nan),82.95(nan),67.61(nan),83.13(nan),81.95(nan),82.13(nan),82.04(nan),,,,,,,,,,,,,,,,,,,,,,,,,,,,,,,,,,,,,,,,,,,,,,,,,,,,,,,,71.50(1.82),,60.63(0.71),76.47(nan),,,,,,,,,,,,,,
ipd,50,77.92(nan),88.68(nan),90.51(nan),78.75(nan),89.70(nan),89.97(nan),89.06(nan),89.06(nan),,,,88.97(nan),,,78.20(nan),89.97(nan),89.88(nan),,,78.47(nan),90.34(nan),88.79(nan),88.79(nan),,,,,,,,,,88.24(nan),,,,,,,,,,,,,,,,79.11(nan),,79.57(nan),89.88(nan),,,,,,,56.92(4.32),,,,,,,77.20(0.25),90.70(nan),90.68(0.41),79.93(nan),90.43(0.00),80.21(nan),90.81(0.42),79.93(nan),90.73(0.34),79.65(nan),82.30(nan),90.42(nan),90.15(nan),90.24(nan),78.38(nan),90.15(nan),90.06(nan),89.97(nan),89.88(nan),,,,,,,,,,,,,,,,,,,,,,,,,,,,,,,,,,,,,,,,,,,,,,,,,,,,,,,,83.82(0.48),,70.06(0.82),87.68(nan),,,,,,,,,,,,,,
ipd,75,86.50(nan),93.25(nan),93.89(nan),86.59(nan),93.25(nan),93.35(nan),92.43(nan),92.43(nan),,,,92.44(nan),,,87.05(nan),93.07(nan),93.44(nan),,,86.68(nan),93.44(nan),92.16(nan),92.16(nan),,,,,,,,,,92.53(nan),,,,,,,,,,,,,,,,87.30(0.63),91.70(nan),88.23(nan),93.62(nan),86.59(nan),92.43(nan),86.59(nan),92.43(nan),93.25(nan),92.98(nan),64.89(5.78),,,,,,,87.32(0.40),94.34(nan),,88.60(nan),93.89(0.00),87.70(nan),94.13(0.14),88.96(nan),93.94(0.35),88.87(nan),59.58(nan),94.16(nan),94.16(nan),94.35(nan),87.14(nan),94.26(nan),93.44(nan),93.62(nan),93.25(nan),,,,,,,,,,,,,,,,,,,,,,,,,,,,,,,,,,,,,,,,,,,,,,,,,,,,,,,,89.54(0.78),,75.69(2.27),92.07(nan),87.69(nan),89.80(nan),87.60(nan),52.46(nan),52.46(nan),,,,,,,,,
ipd,100,93.89(nan),94.71(nan),,,,,94.17(nan),,,,,93.89(nan),,,,,,,,,,92.71(nan),92.71(nan),,,,,,,,,,,,,,,,,,,,,,,,,,,,94.26(nan),94.71(nan),,,,,,,,,,,,,,94.24(0.54),95.81(nan),,94.62(nan),,93.53(nan),,95.17(nan),,94.80(nan),,95.07(nan),,,93.98(nan),94.89(nan),,,,,,,,,,,,,,,,,,,,,,,,,,,,,,,,,,,,,,,,,,,,,,,,,,,,,,,,,,,,,,,,,,,,,,,,,,,,91.78(0.26)
krvskp,25,54.76(nan),63.57(nan),62.43(nan),55.32(nan),63.66(nan),63.27(nan),62.79(nan),62.79(nan),,63.69(nan),,63.36(nan),63.74(0.39),63.64(0.34),55.91(nan),63.47(nan),63.22(nan),,,54.97(nan),63.23(nan),62.44(nan),62.44(nan),63.80(0.43),63.88(0.29),63.84(0.40),63.93(0.31),63.78(0.42),63.68(0.40),63.82(0.45),63.84(nan),64.00(0.31),62.79(nan),,63.53(nan),63.57(nan),63.65(nan),55.58(0.23),63.61(0.19),55.58(0.22),63.44(nan),63.39(nan),63.53(0.28),,63.43(nan),63.63(0.19),,,55.60(nan),,54.88(nan),64.08(nan),,,,,,,51.22(0.42),50.95(0.95),,,,,62.62(0.31),55.80(0.24),62.77(nan),,53.06(nan),64.71(0.00),54.58(nan),,53.61(nan),63.24(0.22),53.75(nan),62.26(nan),64.25(nan),64.13(nan),64.12(nan),54.97(nan),64.10(nan),63.70(nan),63.52(nan),63.13(nan),,64.55(nan),63.69(0.45),,,,,63.69(0.45),,64.00(0.31),63.61(0.57),,,,,,,,,,,63.63(0.50),,,,,,,,,,,,,,,,,,,,,,,,,,,,,64.02(0.35),,,,,56.83(0.30),,53.12(0.38),59.85(nan),,,,,,51.81(nan),52.47,44.16(0.18),60.39(0.00),,,,,
krvskp,50,61.64(nan),73.74(nan),73.18(nan),62.85(nan),73.90(nan),73.51(nan),73.70(nan),73.70(nan),,74.42(nan),,73.71(nan),74.59(0.20),74.57(0.29),62.95(nan),74.10(nan),74.87(nan),,,62.49(nan),74.22(nan),73.95(nan),73.95(nan),74.42(0.36),74.37(0.32),74.42(0.39),74.38(0.34),74.42(0.33),74.38(0.30),74.35(0.42),74.58(nan),74.34(0.27),73.47(nan),,74.45(nan),74.19(nan),74.33(nan),62.65(0.74),74.54(0.24),62.84(0.60),74.29(nan),74.01(nan),74.40(0.34),,74.08(nan),74.38(0.27),,,62.38(nan),,61.63(nan),74.17(nan),,,,,,,57.96(0.71),57.83(3.16),,,,,72.68(0.40),63.02(0.58),74.44(nan),73.31(0.24),60.62(nan),75.19(0.00),62.02(nan),73.55(0.16),61.18(nan),73.45(0.15),61.20(nan),72.09(nan),74.10(nan),74.25(nan),74.07(nan),62.18(nan),74.03(nan),73.66(nan),73.66(nan),73.16(nan),,74.52(nan),74.30(0.42),,,,,74.30(0.42),,,74.29(0.48),,,,,,,,,,,74.23(0.54),,,,,,,,,,,,,,,,,,,,,,,,,,,,,74.40(0.30),,,,,66.44(0.96),,59.32(0.73),69.10(nan),,,,,,52.79(nan),57.44,44.18(0.38),69.75(0.00),,,,,
krvskp,75,69.70(nan),82.81(nan),81.85(nan),71.63(nan),83.08(nan),83.02(nan),82.72(nan),82.72(nan),,83.49(nan),83.49(nan),83.16(nan),83.77(0.35),83.64(0.16),70.53(nan),83.58(nan),84.04(nan),83.26(nan),83.03(nan),69.87(nan),83.82(nan),82.87(nan),82.87(nan),83.59(0.21),83.63(0.25),83.62(0.21),83.62(0.25),83.62(0.20),83.60(0.31),83.62(0.26),83.53(nan),83.63(0.17),83.13(nan),82.97(nan),83.38(nan),83.19(nan),83.03(nan),70.94(0.83),83.42(0.21),71.20(0.58),83.37(nan),83.17(nan),83.35(0.23),83.00(nan),83.01(nan),83.36(0.27),83.19(nan),83.12(nan),69.54(0.52),78.39(nan),68.52(nan),82.72(nan),67.97(nan),80.30(nan),67.97(nan),80.30(nan),81.32(nan),81.18(nan),65.74(0.74),70.25(3.20),83.99(nan),83.33(nan),82.04(nan),83.93(nan),81.22(0.10),71.71(0.42),82.45(nan),,68.23(nan),83.44(0.00),71.60(nan),82.66(0.13),69.78(nan),82.64(0.15),69.59(nan),81.30(nan),83.31(nan),83.22(nan),83.35(nan),70.21(nan),83.55(nan),83.68(nan),83.58(nan),83.35(nan),83.35(nan),83.60(nan),83.36(nan),,,83.14(nan),80.97(nan),83.41(0.43),78.84(0.51),83.63(0.17),83.50(0.19),83.60(0.19),83.30(0.21),83.50(0.19),83.49(0.33),83.19(0.24),83.50(0.19),70.87(0.41),83.38(0.35),83.22(0.05),83.35(0.20),83.37(0.21),81.68(0.48),82.43(0.47),83.37(0.21),83.33(0.28),83.42(0.23),82.55(0.52),82.26(0.16),82.52(0.49),80.23(0.31),79.87(0.87),80.61(0.62),83.41(0.17),83.51(0.47),83.57(0.54),83.57(0.22),83.37(0.21),83.18(0.13),82.98(0.09),70.57(0.55),83.41(0.17),83.68(0.24),83.42(0.30),83.42(0.27),83.32(0.18),83.38(0.19),,83.48(0.26),,83.39(0.62),83.54(0.40),83.49(0.46),83.39(0.49),80.01(0.25),76.37(1.32),50.74(0.06),64.20(0.56),77.79(nan),79.25(nan),81.68(nan),78.50(nan),49.90(nan),49.90(nan),55.81(nan),65.74,43.96(0.23),76.92(0.00),,,,,
krvskp,100,87.31(nan),92.40(nan),,,,,94.05(nan),,,,,93.36(nan),,,,,,,,,,94.02(nan),94.02(nan),,,,,,,,,,,,,,,,,,,,,,,,,,,,86.33(nan),93.53(nan),,,,,,,,,,,,,,88.92(0.36),93.52(nan),,88.69(nan),,91.78(nan),,89.16(nan),,89.12(nan),,94.67(nan),,,88.52(nan),94.40(nan),,,,,,,,,,,,,,,,,,,,,,,,,,,,,,,,,,,,,,,,,,,,,,,,,,,,,,,,,,,,,,,,,,,,,,,,,,,,89.69(0.25)
magic04,25,57.89(nan),60.86(nan),61.37(nan),58.27(nan),60.99(nan),61.00(nan),61.61(nan),61.61(nan),,60.75(nan),,61.78(nan),61.00(0.13),60.72(0.14),57.66(nan),60.87(nan),61.07(nan),,,53.64(nan),61.06(nan),61.57(nan),61.57(nan),61.25(0.12),61.34(0.18),61.27(0.13),61.24(0.20),61.38(0.20),61.34(0.10),61.38(0.10),60.84(nan),60.91(0.19),61.47(nan),,60.97(nan),60.91(nan),60.93(nan),58.13(0.16),60.93(0.09),58.00(0.23),61.07(nan),61.00(nan),60.93(0.12),,60.86(nan),60.91(0.11),,,59.06(nan),,58.25(nan),60.69(nan),,,,,,,57.35(0.10),55.49(1.06),,,,,60.97(0.12),59.52(0.16),58.88(nan),,55.79(nan),58.07(0.00),51.26(nan),,55.80(nan),58.69(0.12),57.15(nan),54.41(nan),60.68(nan),60.71(nan),60.67(nan),58.28(nan),60.84(nan),61.35(nan),61.27(nan),61.21(nan),,60.97(nan),61.00(0.16),,,,,61.00(0.16),,60.90(0.20),61.03(0.13),,,,,,,,,,,61.61(0.14),,,,,,,,,,,,,,,,,,,,,,,,,,,,,61.16(0.14),,,,,59.74(0.46),,56.07(0.49),52.55(nan),,,,,,53.06(0.00),53.18,47.94(0.22),54.30(0.00),,,,,60.80(0.07)
magic04,50,61.43(nan),67.26(nan),67.62(nan),62.59(nan),67.54(nan),67.65(nan),68.55(nan),68.55(nan),,67.53(nan),,68.75(nan),67.62(0.12),67.39(0.18),62.23(nan),67.62(nan),67.54(nan),,,54.39(nan),67.46(nan),68.44(nan),68.44(nan),67.66(0.16),67.72(0.10),67.59(0.20),67.86(0.19),67.72(0.10),67.74(0.16),67.68(0.15),67.57(nan),67.47(0.23),68.81(nan),,67.43(nan),67.73(nan),67.55(nan),62.26(0.37),67.76(0.20),62.20(0.44),67.67(nan),67.72(nan),67.75(0.15),,67.55(nan),67.64(0.16),,,63.78(nan),,62.99(nan),67.00(nan),,,,,,,61.90(0.08),63.05(1.02),,,,,67.27(0.13),62.43(0.28),65.42(nan),64.93(0.08),59.71(nan),63.71(0.00),61.75(nan),64.97(0.08),60.01(nan),64.40(0.17),62.26(nan),58.68(nan),67.42(nan),67.33(nan),67.45(nan),62.92(nan),67.59(nan),67.87(nan),67.81(nan),67.76(nan),,67.41(nan),67.78(0.22),,,,,67.78(0.22),,,67.58(0.16),,,,,,,,,,,68.23(0.09),,,,,,,,,,,,,,,,,,,,,,,,,,,,,67.61(0.07),,,,,66.99(0.62),,59.27(0.45),59.34(nan),,,,,,57.28(0.00),54.63,48.57(0.08),58.70(0.06),,,,,67.65(0.15)
magic04,75,65.99(nan),72.75(nan),73.34(nan),67.38(nan),73.83(nan),73.48(nan),74.63(nan),74.63(nan),,73.53(nan),73.53(nan),74.41(nan),73.84(0.16),73.32(0.15),67.17(nan),74.01(nan),73.78(nan),73.42(nan),73.45(nan),58.50(nan),73.83(nan),74.62(nan),74.62(nan),73.54(0.23),73.58(0.21),73.55(0.25),73.90(0.17),73.62(0.19),73.68(0.27),73.59(0.30),73.64(nan),73.28(0.20),74.59(nan),73.84(nan),73.92(nan),73.40(nan),73.92(nan),67.39(0.45),73.84(0.24),67.21(0.48),73.68(nan),73.96(nan),73.72(0.30),73.85(nan),73.94(nan),73.70(0.22),73.60(nan),73.86(nan),68.50(0.11),71.44(nan),67.50(nan),72.56(nan),67.73(nan),72.76(nan),67.73(nan),72.76(nan),73.20(nan),72.81(nan),66.36(0.08),69.11(1.04),73.51(nan),73.73(nan),73.47(nan),73.59(nan),73.11(0.29),65.21(0.38),70.49(nan),,64.28(nan),68.72(0.00),66.49(nan),69.60(0.13),64.51(nan),69.51(0.08),66.85(nan),60.73(nan),73.52(nan),73.21(nan),73.26(nan),67.72(nan),73.57(nan),73.74(nan),73.61(nan),73.50(nan),74.06(nan),73.14(nan),73.96(nan),73.66(0.12),73.31(0.25),73.92(nan),72.40(nan),73.86(0.19),,73.26(0.16),73.45(0.26),,73.29(0.30),73.45(0.26),73.34(0.09),73.55(0.25),73.45(0.26),68.88(0.28),75.69(0.09),73.83(0.25),74.13(0.19),74.48(0.17),70.87(0.27),71.35(0.20),74.48(0.17),74.18(0.28),74.23(0.25),72.68(0.24),72.81(0.21),72.45(0.53),70.21(1.11),70.22(0.51),69.64(0.85),74.32(0.06),74.38(0.17),74.02(0.11),74.36(0.17),74.48(0.17),74.31(0.25),74.12(0.28),68.05(0.26),74.32(0.06),74.29(0.11),75.08(0.11),73.45(0.14),74.29(0.15),74.34(0.24),,,,73.34(0.25),73.32(0.22),73.29(0.15),73.25(0.17),72.37(0.28),74.03(0.28),49.85(0.11),63.29(0.83),65.18(nan),65.48(nan),64.26(nan),65.18(nan),64.11(nan),64.08(nan),60.75(nan),56.19,49.32(0.04),62.58(0.30),,,,,73.25(0.14)
magic04,100,72.25(nan),80.71(nan),,,,,80.97(nan),,,,,81.31(nan),,,,,,,,,,81.27(nan),81.27(nan),,,,,,,,,,,,,,,,,,,,,,,,,,,,73.07(nan),80.59(nan),,,,,,,,,,,,,,69.38(1.22),75.28(nan),,69.22(nan),,69.08(nan),,69.42(nan),,71.88(nan),,80.83(nan),,,73.76(nan),80.85(nan),,,,,,,,,,,,,,,,,,,,,,,,,,,,,,,,,,,,,,,,,,,,,,,,,,,,,,,,,,,,,,,,,,,,,,,,,,,,79.34(0.20)
phishing,25,74.24(nan),80.53(nan),79.64(nan),77.31(nan),80.45(nan),80.47(nan),79.71(nan),79.71(nan),,80.18(nan),,80.04(nan),80.36(0.10),80.39(0.18),76.91(nan),80.39(nan),80.42(nan),,,76.93(nan),80.23(nan),79.71(nan),79.71(nan),80.42(0.19),80.44(0.18),80.38(0.17),80.43(0.14),80.43(0.15),80.45(0.15),80.46(0.21),80.41(nan),80.40(0.10),80.13(nan),,80.34(nan),80.31(nan),80.54(nan),76.67(0.29),80.40(0.14),76.70(0.17),80.20(nan),80.43(nan),80.39(0.10),,80.42(nan),80.34(0.11),,,77.53(nan),,73.89(nan),80.29(nan),,,,,,,58.81(1.69),71.01(1.09),,,,,79.44(0.16),73.59(0.32),79.66(nan),,74.04(nan),77.80(0.00),71.31(nan),,73.89(nan),80.07(0.12),73.87(nan),78.81(nan),80.28(nan),80.47(nan),80.46(nan),73.86(nan),80.35(nan),80.23(nan),80.24(nan),79.85(nan),,80.51(nan),80.28(0.09),,,,,80.30(0.08),,80.40(0.10),80.24(0.14),,,,,,,,,,,80.39(0.10),,,,,,,,,,,,,,,,,,,,,,,,,,,,,80.47(0.15),,,,,73.77(0.75),,51.39(1.74),65.43(nan),,,,,,53.18(nan),70.94,46.16(0.18),76.23(0.00),,,,,
phishing,50,85.05(nan),88.73(nan),87.84(nan),86.32(nan),88.39(nan),88.43(nan),88.12(nan),88.12(nan),,88.26(nan),,88.03(nan),88.56(0.13),88.61(0.21),86.07(nan),88.66(nan),88.55(nan),,,86.20(nan),88.35(nan),88.12(nan),88.12(nan),88.55(0.21),88.55(0.20),88.58(0.21),88.57(0.21),88.56(0.21),88.59(0.19),88.55(0.17),88.43(nan),88.57(0.23),87.92(nan),,88.40(nan),88.28(nan),88.37(nan),85.91(0.11),88.57(0.17),86.00(0.16),88.60(nan),88.42(nan),88.55(0.14),,88.43(nan),88.55(0.13),,,85.96(nan),,84.96(nan),88.49(nan),,,,,,,75.13(0.86),83.67(0.61),,,,,87.85(0.11),84.27(0.26),88.64(nan),88.02(0.11),84.73(nan),86.15(0.00),82.38(nan),88.17(0.10),84.80(nan),88.15(0.12),84.65(nan),86.81(nan),88.45(nan),88.52(nan),88.47(nan),84.98(nan),88.41(nan),88.27(nan),88.46(nan),88.33(nan),,88.62(nan),88.50(0.21),,,,,88.50(0.20),,,88.51(0.16),,,,,,,,,,,88.51(0.24),,,,,,,,,,,,,,,,,,,,,,,,,,,,,88.64(0.18),,,,,83.91(0.52),,67.30(1.78),78.47(nan),,,,,,51.88(nan),83.26,47.98(0.06),85.44(0.00),,,,,
phishing,75,90.43(nan),92.42(nan),91.67(nan),90.80(nan),92.17(nan),92.17(nan),92.02(nan),92.02(nan),,92.30(nan),92.30(nan),91.88(nan),92.21(0.16),92.27(0.20),90.53(nan),92.35(nan),92.31(nan),92.16(nan),92.19(nan),90.64(nan),92.34(nan),92.03(nan),92.03(nan),92.14(0.10),92.11(0.17),92.12(0.18),92.10(0.14),92.14(0.12),92.05(0.15),92.12(0.12),92.30(nan),92.18(0.14),92.15(nan),92.27(nan),92.48(nan),92.42(nan),92.26(nan),90.71(0.12),92.19(0.09),90.68(0.11),92.27(nan),92.07(nan),92.12(0.13),92.31(nan),92.25(nan),92.15(0.23),92.38(nan),92.31(nan),89.96(0.11),90.24(nan),90.52(nan),92.62(nan),89.97(nan),91.45(nan),89.97(nan),91.45(nan),91.46(nan),91.50(nan),83.36(0.57),88.99(0.44),92.02(nan),91.99(nan),91.34(nan),92.10(nan),91.48(0.05),89.87(0.11),92.23(nan),,90.15(nan),89.88(0.00),88.08(nan),,90.21(nan),91.65(0.12),90.23(nan),90.25(nan),92.36(nan),92.30(nan),92.37(nan),90.55(nan),92.36(nan),92.12(nan),91.92(nan),91.99(nan),92.25(nan),92.35(nan),92.32(nan),,,91.94(nan),91.11(nan),92.18(0.08),,92.18(0.14),92.13(0.13),,92.10(0.08),92.13(0.13),92.16(0.07),92.11(0.07),92.13(0.13),89.99(0.11),92.18(0.10),92.11(0.10),92.24(0.15),92.18(0.13),92.07(0.05),91.86(0.12),92.18(0.13),92.21(0.07),92.19(0.10),91.55(0.26),91.39(0.18),91.53(0.25),90.17(0.34),89.73(0.82),89.75(0.28),92.21(0.08),92.26(0.12),92.27(0.11),92.22(0.09),92.18(0.13),92.14(0.12),92.06(0.15),90.61(0.10),92.21(0.08),92.13(0.15),92.31(0.15),92.16(0.14),92.13(0.09),92.18(0.09),,92.37(0.03),,92.19(0.16),,,,,88.77(0.28),,77.33(1.20),84.91(nan),88.32(nan),89.92(nan),88.47(nan),49.76(nan),65.84(nan),60.11(nan),89.14,49.39(0.02),89.07(0.00),,,,,
phishing,100,93.81(nan),94.89(nan),,,,,94.68(nan),,,,,94.73(nan),,,,,,,,,,94.81(nan),94.81(nan),,,,,,,,,,,,,,,,,,,,,,,,,,,,93.68(nan),94.95(nan),,,,,,,,,,,,,,93.58(0.09),94.59(nan),,93.68(nan),,91.62(nan),,93.78(nan),,93.82(nan),,94.72(nan),,,93.95(nan),94.73(nan),,,,,,,,,,,,,,,,,,,,,,,,,,,,,,,,,,,,,,,,,,,,,,,,,,,,,,,,,,,,,,,,,,,,,,,,,,,,91.89(0.08)
spam,25,88.74(nan),89.71(nan),87.96(nan),90.52(nan),89.98(nan),90.76(nan),90.86(nan),90.86(nan),,90.10(nan),,90.58(nan),89.82(0.24),89.78(0.12),89.20(nan),90.20(nan),89.94(nan),,,89.67(nan),90.11(nan),90.63(nan),90.63(nan),89.70(0.23),89.69(0.30),89.47(0.23),89.70(0.17),89.69(0.34),89.46(0.36),89.73(0.41),89.64(nan),89.76(0.13),90.58(nan),,90.00(nan),89.93(nan),89.53(nan),88.67(0.30),89.99(0.35),88.74(0.19),90.05(nan),90.12(nan),89.94(0.24),,90.05(nan),89.86(0.17),,,83.07(nan),,90.48(nan),91.47(nan),,,,,,,68.74(0.40),81.85(0.93),,,,,87.06(0.26),84.31(0.82),90.37(nan),,88.43(nan),70.28(0.00),70.84(nan),,88.86(nan),88.98(0.26),88.50(nan),85.85(nan),91.58(nan),91.22(nan),91.07(nan),88.55(nan),89.73(nan),89.02(nan),89.06(nan),89.48(nan),,89.85(nan),89.91(0.31),,,,,89.91(0.31),,89.35(0.15),89.73(0.49),,,,,,,,,,,89.38(0.45),,,,,,,,,,,,,,,,,,,,,,,,,,,,,90.06(0.35),,,,,83.08(0.37),,69.15(0.53),70.20(nan),,,,,,74.22(0.00),84.65,59.26(0.20),82.69(0.00),,,,,
spam,50,92.97(nan),93.84(nan),90.95(nan),94.26(nan),94.09(nan),94.29(nan),94.65(nan),94.65(nan),,93.78(nan),,94.90(nan),93.58(0.20),93.64(0.13),93.53(nan),93.80(nan),93.68(nan),,,93.84(nan),94.29(nan),94.52(nan),94.52(nan),93.36(0.19),93.37(0.30),93.48(0.14),93.57(0.14),93.52(0.31),93.37(0.37),93.46(0.42),93.85(nan),93.65(0.20),94.72(nan),,93.91(nan),93.89(nan),93.67(nan),93.22(0.28),93.58(0.40),93.33(0.35),94.01(nan),94.14(nan),93.72(0.29),,93.79(nan),93.68(0.22),,,84.01(nan),,93.55(nan),94.48(nan),,,,,,,78.11(3.69),91.93(1.03),,,,,90.20(0.45),91.23(0.43),94.94(nan),92.54(0.22),92.70(nan),76.64(0.00),81.25(nan),92.71(0.22),93.02(nan),92.56(0.24),92.52(nan),89.65(nan),94.63(nan),94.47(nan),94.57(nan),93.21(nan),94.01(nan),92.84(nan),93.25(nan),93.80(nan),,93.93(nan),93.55(0.30),,,,,93.55(0.30),,,93.58(0.20),,,,,,,,,,,93.73(0.28),,,,,,,,,,,,,,,,,,,,,,,,,,,,,93.49(0.20),,,,,85.81(0.18),,74.70(1.47),86.66(nan),,,,,,74.33(0.00),90.55,62.76(0.14),87.91(0.00),,,,,
spam,75,95.24(nan),95.25(nan),92.37(nan),96.06(nan),95.23(nan),95.41(nan),95.77(nan),95.77(nan),,94.96(nan),94.96(nan),96.00(nan),94.91(0.31),94.70(0.50),95.77(nan),95.18(nan),94.98(nan),94.67(nan),94.67(nan),95.79(nan),95.36(nan),96.10(nan),96.10(nan),94.93(0.15),94.85(0.23),94.89(0.14),94.96(0.15),94.79(0.29),94.84(0.15),94.63(0.34),94.82(nan),94.94(0.30),96.06(nan),94.80(nan),94.64(nan),95.00(nan),94.95(nan),94.90(0.35),94.64(0.24),95.04(0.24),95.06(nan),95.06(nan),94.73(0.30),94.86(nan),94.79(nan),94.73(0.16),94.88(nan),94.82(nan),84.62(1.34),78.64(nan),95.66(nan),95.39(nan),79.90(nan),91.70(nan),79.83(nan),91.70(nan),91.42(nan),91.94(nan),87.60(2.24),95.63(0.47),94.92(nan),94.08(nan),91.46(nan),94.89(nan),91.64(0.34),94.84(0.33),96.91(nan),,94.58(nan),78.72(0.00),85.58(nan),,94.87(nan),93.48(0.23),94.02(nan),88.75(nan),96.01(nan),95.79(nan),95.93(nan),95.27(nan),95.29(nan),94.66(nan),94.99(nan),95.46(nan),94.88(nan),95.16(nan),95.12(0.22),94.77(0.04),94.17(0.16),93.55(nan),91.73(nan),95.08(0.22),95.00(0.25),95.08(0.34),95.35(0.19),,94.70(0.36),95.35(0.19),95.11(0.22),95.24(0.12),95.35(0.19),81.26(3.96),93.60(0.22),95.21(0.16),95.19(0.25),95.16(0.09),94.91(0.27),94.36(0.57),94.57(0.35),94.50(0.35),94.42(0.36),91.93(0.34),91.63(0.70),91.90(0.50),89.16(0.61),90.27(0.51),88.04(1.78),94.93(0.34),95.01(0.15),95.15(0.07),95.15(0.25),95.16(0.09),94.96(0.22),94.87(0.03),94.60(0.31),94.93(0.34),94.83(0.28),94.57(0.30),95.20(0.24),95.18(0.16),95.27(0.28),,,,94.87(0.33),,,,,85.15(0.20),,81.21(1.83),90.81(nan),82.04(nan),63.13(nan),83.26(nan),73.18(nan),65.72(nan),75.15(nan),93.4,63.52(0.32),90.52(0.00),,,,,
spam,100,96.06(nan),95.98(nan),,,,,97.07(nan),,,,,96.73(nan),,,,,,,,,,96.80(nan),96.80(nan),,,,,,,,,,,,,,,,,,,,,,,,,,,,96.12(nan),96.07(nan),,,,,,,,,,,,,,96.45(0.22),97.66(nan),,94.99(nan),,88.09(nan),,95.75(nan),,94.90(nan),,96.33(nan),,,95.92(nan),95.60(nan),,,,,,,,,,,,,,,,,,,,,,,,,,,,,,,,,,,,,,,,,,,,,,,,,,,,,,,,,,,,,,,,,,,,,,,,,,,,65.56(0.22)
spambase,25,69.50(nan),76.93(nan),75.43(nan),71.03(nan),77.73(nan),77.33(nan),78.31(nan),78.31(nan),,77.98(nan),,77.98(nan),78.02(0.36),78.10(0.27),68.97(nan),77.35(nan),77.78(nan),,,67.39(nan),77.73(nan),78.24(nan),78.24(nan),77.81(0.14),77.82(0.19),77.79(0.29),77.88(0.19),77.75(0.25),77.74(0.18),77.75(0.18),77.88(nan),77.89(0.16),78.28(nan),,78.19(nan),77.76(nan),77.80(nan),69.44(0.47),78.17(0.44),69.32(0.70),78.17(nan),77.84(nan),78.23(0.48),,78.00(nan),78.35(0.42),,,65.46(nan),,60.21(nan),76.92(nan),,,,,,,54.33(0.23),50.23(0.22),,,,,75.66(0.31),55.40(4.91),74.67(nan),,56.36(nan),71.57(0.00),50.66(nan),,59.30(nan),75.18(0.24),58.09(nan),62.52(nan),77.91(nan),77.83(nan),77.80(nan),68.51(nan),77.90(nan),77.60(nan),77.69(nan),77.89(nan),,77.63(nan),78.15(0.49),,,,,78.14(0.50),,78.60(0.15),78.61(0.08),,,,,,,,,,,79.03(0.27),,,,,,,,,,,,,,,,,,,,,,,,,,,,,77.46(0.23),,,,,71.46(0.85),,55.53(0.77),50.68(nan),,,,,,54.87(nan),64.34,48.94(0.09),59.88(0.29),,,,,
spambase,50,75.27(nan),84.79(nan),82.89(nan),77.97(nan),84.81(nan),84.49(nan),84.90(nan),84.90(nan),,84.36(nan),,84.56(nan),84.48(0.09),84.41(0.34),74.02(nan),84.58(nan),84.39(nan),,,72.48(nan),84.34(nan),84.83(nan),84.83(nan),84.63(0.23),84.59(0.32),84.61(0.23),84.67(0.23),84.67(0.18),84.61(0.17),84.58(0.24),84.41(nan),84.65(0.20),84.38(nan),,84.65(nan),84.55(nan),84.34(nan),73.94(1.09),84.47(0.10),74.23(1.15),84.83(nan),84.78(nan),84.44(0.11),,84.71(nan),84.61(0.20),,,71.39(nan),,67.76(nan),84.58(nan),,,,,,,58.55(0.55),53.17(4.68),,,,,82.63(0.19),52.41(5.24),79.62(nan),83.12(0.20),64.43(nan),80.38(0.00),54.93(nan),83.16(0.24),68.04(nan),82.64(0.24),66.64(nan),67.92(nan),84.69(nan),84.73(nan),84.73(nan),73.65(nan),85.00(nan),84.30(nan),84.29(nan),84.34(nan),,84.94(nan),84.53(0.16),,,,,84.56(0.16),,,84.80(0.33),,,,,,,,,,,85.13(0.22),,,,,,,,,,,,,,,,,,,,,,,,,,,,,84.51(0.32),,,,,79.02(0.70),,60.80(0.76),51.29(nan),,,,,,53.85(nan),61.54,49.73(0.11),67.18(0.18),,,,,
spambase,75,77.05(nan),88.83(nan),87.64(nan),82.16(nan),88.53(nan),88.06(nan),88.91(nan),88.91(nan),,88.77(nan),88.77(nan),89.15(nan),88.62(0.33),88.62(0.24),77.04(nan),88.74(nan),88.58(nan),88.45(nan),88.30(nan),71.27(nan),88.63(nan),89.11(nan),89.11(nan),88.42(0.14),88.45(0.12),88.46(0.14),88.47(0.23),88.49(0.14),88.39(0.13),88.47(0.18),88.78(nan),88.53(0.18),88.71(nan),88.66(nan),88.81(nan),88.70(nan),88.83(nan),76.04(0.31),88.61(0.32),76.82(0.49),88.34(nan),88.52(nan),88.62(0.20),88.56(nan),88.64(nan),88.63(0.25),88.41(nan),88.67(nan),74.94(1.80),85.11(nan),73.08(nan),88.43(nan),73.68(nan),86.80(nan),73.68(nan),86.80(nan),87.60(nan),87.05(nan),58.84(0.32),63.82(6.56),88.22(nan),87.95(nan),87.24(nan),89.19(nan),86.55(0.08),61.75(10.73),83.88(nan),,68.42(nan),84.75(0.00),71.47(nan),87.24(0.09),71.10(nan),86.47(0.10),71.60(nan),67.74(nan),88.75(nan),88.75(nan),88.74(nan),76.81(nan),88.59(nan),88.24(nan),88.39(nan),88.47(nan),88.84(nan),88.82(nan),88.84(0.30),88.60(0.11),88.84(0.30),87.31(nan),87.42(nan),88.87(0.34),80.88(0.61),88.70(0.12),89.31(0.22),89.29(0.30),87.92(0.65),89.31(0.21),88.92(0.16),89.12(0.30),89.31(0.22),78.60(0.32),89.38(0.23),89.12(0.24),89.42(0.23),89.27(0.22),86.88(0.68),87.46(0.15),89.26(0.27),89.00(0.40),88.67(0.23),88.65(0.50),88.29(0.23),88.10(0.37),86.58(0.50),86.80(0.48),86.46(0.47),89.04(0.18),89.24(0.17),89.30(0.36),89.06(0.31),89.27(0.22),89.35(0.34),89.04(0.38),75.32(1.72),89.04(0.18),88.84(0.24),89.27(0.30),89.21(0.15),89.32(0.11),89.04(0.27),,,,88.42(0.21),88.46(0.28),88.49(0.30),88.47(0.31),85.20(0.22),84.18(0.48),50.10(0.22),63.15(1.43),55.65(nan),77.65(nan),78.88(nan),77.53(nan),57.10(nan),57.10(nan),50.65(nan),59.8,49.69(0.09),49.96(1.86),,,,,
spambase,100,81.13(nan),90.79(nan),,,,,91.04(nan),,,,,91.05(nan),,,,,,,,,,91.05(nan),91.05(nan),,,,,,,,,,,,,,,,,,,,,,,,,,,,73.99(nan),90.81(nan),,,,,,,,,,,,,,57.54(5.65),50.14(nan),,73.18(nan),,51.86(nan),,70.83(nan),,73.55(nan),,90.74(nan),,,80.11(nan),90.70(nan),,,,,,,,,,,,,,,,,,,,,,,,,,,,,,,,,,,,,,,,,,,,,,,,,,,,,,,,,,,,,,,,,,,,,,,,,,,,85.11(0.70)
susy,25,,,,,,,,,,,,,62.65(0.01),61.59(0.01),,,,,,,,,,,,,,,,,,61.56(0.01),,,,,,62.08(0.18),62.61(0.01),62.19(0.04),,,62.60(0.02),,,62.53(0.06),,,,,,,,,,,,,61.72(0.03),,,,,,62.56(0.03),62.75(0.03),,,,58.45(0.00),,,,61.17(0.05),,,,,,,,,,,,,,,,,,,,,,,,,,,,,,,,,,,,,,,,,,,,,,,,,,,,,,,,,,,,,,,,,,62.53(0.06),,61.89(0.29),,,,,,,51.23(0.00),51.12,49.38(0.01),,,,,,62.86(0.01)
susy,50,,,,,,,,,,,,,69.13(0.01),68.49(0.04),,,,,,,,,,,,,,,,,,68.39(0.01),,,,,,68.69(0.03),69.14(0.01),68.70(0.03),,,69.14(0.02),,,69.08(0.02),,,,,,,,,,,,,68.71(0.08),,,,,,69.08(0.01),69.17(0.02),,66.85(0.01),,63.86(0.00),,,,67.42(0.02),,,,,,,,,,,,,,,,,,,,,,,,,,,,,,,,,,,,,,,,,,,,,,,,,,,,,,,,,,,,,,,,,,69.26(0.05),,68.78(0.15),,,,,,,53.59(0.00),53.21,48.48(0.03),,,,,,69.28(0.02)
susy,75,,,,,,,,,,,,,73.85(0.01),73.39(0.00),,,,,,,,,,,,,,,,,,73.32(0.02),,,,,,73.38(0.05),73.84(0.03),73.46(0.04),,,73.85(0.02),,,73.78(0.01),,,,,,,,,,,,,73.78(0.06),,73.95(nan),73.91(nan),73.90(nan),73.69(nan),73.76(0.01),74.02(0.05),,,,67.90(0.00),,,,72.09(0.02),,,,,,,,,,,,,,,,,,73.85(0.01),,,,,,,,,,,,,,,,,,,,,,,,,,,,,,,,,,,,,,,,,,,,,,,,74.11(0.10),,73.53(0.11),,,,,,,56.39(0.00),55.98,47.80(0.01),,,,,,73.79(0.04)
svmguide3,25,50.00(nan),50.57(nan),51.48(nan),50.28(nan),52.95(nan),52.88(nan),53.43(nan),53.43(nan),,53.39(nan),,53.94(nan),51.95(0.76),51.87(1.00),50.09(nan),52.36(nan),53.21(nan),,,50.21(nan),52.30(nan),53.86(nan),53.86(nan),51.33(0.60),51.19(0.71),51.36(0.65),51.18(0.66),51.33(0.57),51.55(0.30),51.28(0.63),53.22(nan),51.33(0.57),53.20(nan),,53.06(nan),53.17(nan),53.22(nan),50.02(0.11),51.94(0.94),50.02(0.11),53.34(nan),52.88(nan),51.96(0.89),,52.79(nan),52.05(0.70),,,49.73(nan),,49.89(nan),51.14(nan),,,,,,,50.26(0.37),50.42(0.35),,,,,51.41(0.52),50.01(0.14),52.34(nan),,50.07(nan),52.32(0.00),50.00(nan),,50.01(nan),53.38(0.22),50.31(nan),52.45(nan),51.82(nan),52.22(nan),51.98(nan),50.02(nan),51.63(nan),51.27(nan),51.27(nan),51.21(nan),,51.37(nan),52.32(0.44),,,,,52.32(0.44),,51.33(0.57),51.82(0.54),,,,,,,,,,,53.37(0.93),,,,,,,,,,,,,,,,,,,,,,,,,,,,,51.35(0.92),,,,,50.66(0.41),,50.21(0.40),49.28(nan),,,,,,51.69(0.00),52.09,49.54(0.43),49.89(0.04),,,,,
svmguide3,50,50.12(nan),52.12(nan),52.88(nan),52.90(nan),56.83(nan),55.58(nan),58.55(nan),58.55(nan),,57.09(nan),,57.64(nan),55.15(0.72),55.22(0.97),51.29(nan),56.17(nan),56.40(nan),,,51.57(nan),55.84(nan),57.58(nan),57.58(nan),54.85(0.64),54.88(0.77),54.89(0.69),54.45(0.70),54.57(0.81),54.80(0.71),54.59(0.59),56.75(nan),55.04(0.73),57.60(nan),,57.15(nan),57.16(nan),56.75(nan),51.23(0.36),55.82(1.01),51.33(0.54),56.14(nan),55.56(nan),55.74(1.10),,57.43(nan),55.89(1.23),,,49.87(nan),,50.29(nan),55.86(nan),,,,,,,50.32(0.44),50.13(0.25),,,,,54.12(0.17),50.12(0.20),55.44(nan),57.34(0.52),52.02(nan),54.43(0.00),50.00(nan),57.01(0.30),51.51(nan),55.87(0.34),50.95(nan),54.08(nan),54.62(nan),54.85(nan),54.68(nan),50.94(nan),55.62(nan),55.22(nan),55.05(nan),55.10(nan),,54.96(nan),55.15(0.50),,,,,55.15(0.50),,,55.03(1.05),,,,,,,,,,,57.66(0.90),,,,,,,,,,,,,,,,,,,,,,,,,,,,,55.00(1.20),,,,,51.08(0.66),,50.61(0.45),49.76(nan),,,,,,52.28(0.00),53.51,49.71(0.24),51.15(0.12),,,,,
svmguide3,75,50.58(nan),54.29(nan),55.09(nan),55.00(nan),57.61(nan),56.48(nan),58.66(nan),58.66(nan),,57.45(nan),57.45(nan),57.41(nan),57.37(0.60),56.26(1.72),52.93(nan),56.58(nan),56.86(nan),58.02(nan),58.11(nan),52.99(nan),56.36(nan),58.03(nan),58.03(nan),56.76(0.98),56.60(1.03),56.67(0.94),56.38(1.16),56.56(1.04),57.12(0.81),56.48(0.98),57.61(nan),56.89(1.22),57.74(nan),57.79(nan),58.12(nan),58.52(nan),57.56(nan),52.16(0.62),56.88(1.53),52.16(0.62),57.66(nan),57.72(nan),56.88(1.26),58.30(nan),57.91(nan),57.22(1.57),58.52(nan),58.30(nan),50.03(0.33),56.31(nan),51.26(nan),56.70(nan),49.80(nan),56.98(nan),49.80(nan),56.98(nan),56.81(nan),56.82(nan),50.28(0.42),50.09(0.18),57.07(nan),56.79(nan),55.07(nan),57.48(nan),56.25(0.32),50.73(0.33),57.95(nan),,52.87(nan),55.85(0.00),50.00(nan),58.63(0.26),52.20(nan),57.53(0.50),53.01(nan),52.33(nan),56.32(nan),56.32(nan),56.32(nan),51.45(nan),57.31(nan),57.07(nan),56.62(nan),57.41(nan),58.01(nan),57.10(nan),58.33(nan),,,56.60(nan),52.85(nan),56.67(1.14),53.02(1.43),56.89(1.22),56.74(1.22),56.53(1.37),54.84(0.94),56.74(1.22),55.72(0.91),56.74(1.44),56.74(1.22),49.97(0.03),63.67(1.73),58.42(1.41),59.05(1.20),60.02(1.25),58.63(1.40),57.35(1.34),60.02(1.25),59.71(1.14),59.96(1.30),58.88(0.91),58.49(1.36),59.29(1.09),56.45(1.98),56.28(1.10),56.24(2.13),58.67(1.58),59.09(1.33),58.86(1.20),59.79(1.34),60.02(1.25),60.03(1.04),60.05(1.03),53.87(1.40),58.67(1.58),59.14(1.34),62.81(1.15),57.02(1.20),59.41(1.05),60.60(0.96),,56.41(1.67),,56.86(1.23),56.37(0.86),56.30(0.79),56.47(0.93),57.22(1.21),52.71(1.21),50.71(0.18),50.68(0.68),50.64(nan),51.86(nan),52.62(nan),51.70(nan),50.32(nan),50.32(nan),51.02(nan),53.64,49.86(0.10),51.27(0.57),51.79(0.63),52.02(0.66),51.62(1.09),52.55(0.54),
svmguide3,100,51.14(nan),56.56(nan),,,,,59.63(nan),,,,,59.39(nan),,,,,,,,,,58.70(nan),58.70(nan),,,,,,,,,,,,,,,,,,,,,,,,,,,,51.50(nan),58.97(nan),,,,,,,,,,,,,,51.02(0.31),61.62(nan),,55.25(nan),,50.00(nan),,54.96(nan),,55.23(nan),,58.97(nan),,,53.21(nan),60.06(nan),,,,,,,,,,,,,,,,,,,,,,,,,,,,,,,,,,,,,,,,,,,,,,,,,,,,,,,,,,,,,,,,,,,,,,,,,,,,52.78(1.33)
wbc,25,75.28(nan),77.60(nan),75.67(nan),80.29(nan),84.03(nan),84.03(nan),84.12(nan),84.12(nan),,84.13(nan),,83.60(nan),82.67(0.42),82.99(0.79),79.40(nan),83.32(nan),83.00(nan),,,79.52(nan),83.21(nan),83.61(nan),83.61(nan),81.85(1.23),81.98(1.13),81.85(1.23),82.07(1.25),81.92(1.15),81.74(1.26),82.00(1.26),83.41(nan),82.37(1.08),82.06(nan),,83.72(nan),84.44(nan),83.51(nan),80.73(1.59),83.47(0.50),80.86(1.56),83.51(nan),83.41(nan),83.08(0.55),,84.03(nan),83.91(0.36),,,81.15(nan),,79.77(nan),81.75(nan),,,,,,,68.49(2.39),51.23(0.77),,,,,81.96(0.96),84.50(0.22),83.41(nan),,77.02(nan),77.66(0.00),75.53(nan),,77.22(nan),84.36(0.50),81.03(nan),84.09(nan),80.94(nan),81.35(nan),81.35(nan),80.65(nan),83.44(nan),83.11(nan),83.11(nan),82.89(nan),,78.05(nan),85.74(0.56),,,,,85.74(0.56),,85.31(0.64),85.41(0.40),,,,,,,,,,,86.46(0.47),,,,,,,,,,,,,,,,,,,,,,,,,,,,,82.91(0.67),,,,,83.85(0.98),,77.07(1.32),66.55(nan),,,,,,47.90(0.00),52.02,29.38(1.13),80.56(0.00),,,,,
wbc,50,79.33(nan),88.02(nan),87.29(nan),84.11(nan),92.60(nan),92.60(nan),92.18(nan),92.18(nan),,92.71(nan),,92.60(nan),92.51(0.51),92.72(0.40),83.44(nan),93.11(nan),92.79(nan),,,83.85(nan),92.79(nan),92.07(nan),92.07(nan),91.94(0.74),92.14(0.62),91.90(0.79),92.21(0.53),92.21(0.67),91.80(0.60),92.27(0.58),92.90(nan),92.08(0.43),91.76(nan),,92.70(nan),92.70(nan),92.90(nan),84.57(2.23),92.72(0.44),84.55(2.24),92.70(nan),92.60(nan),92.72(0.50),,92.49(nan),92.64(0.34),,,86.95(nan),,84.44(nan),92.14(nan),,,,,,,75.61(4.17),63.29(7.23),,,,,90.38(0.44),89.69(0.59),91.10(nan),91.66(0.33),80.63(nan),88.94(0.00),81.45(nan),91.78(0.44),80.74(nan),91.87(0.19),85.63(nan),89.62(nan),91.83(nan),91.93(nan),91.93(nan),82.76(nan),92.46(nan),91.92(nan),91.92(nan),92.33(nan),,89.98(nan),93.18(0.41),,,,,93.18(0.41),,,92.93(0.15),,,,,,,,,,,93.38(0.49),,,,,,,,,,,,,,,,,,,,,,,,,,,,,92.67(0.32),,,,,90.37(0.79),,82.27(1.69),84.28(nan),,,,,,50.65(0.00),55.05,31.82(2.22),86.20(0.00),,,,,
wbc,75,80.47(nan),91.33(nan),90.92(nan),88.58(nan),93.85(nan),94.06(nan),93.33(nan),93.33(nan),,93.85(nan),93.85(nan),93.01(nan),93.56(0.56),94.03(0.47),86.85(nan),94.27(nan),94.07(nan),91.42(nan),92.64(nan),86.95(nan),94.38(nan),93.12(nan),93.12(nan),93.23(0.47),93.31(0.50),93.27(0.49),93.25(0.43),93.33(0.49),93.14(0.74),93.31(0.50),93.95(nan),93.29(0.45),92.18(nan),93.95(nan),93.95(nan),94.16(nan),93.95(nan),87.49(1.43),93.99(0.48),87.70(1.39),93.95(nan),93.95(nan),93.97(0.49),94.16(nan),93.95(nan),93.93(0.46),94.16(nan),94.16(nan),90.71(0.87),92.33(nan),86.14(nan),93.59(nan),91.06(nan),92.43(nan),91.06(nan),92.43(nan),92.55(nan),92.65(nan),80.52(3.75),78.38(7.16),93.69(nan),94.31(nan),92.33(nan),94.32(nan),92.07(0.77),91.13(0.65),93.48(nan),,86.40(nan),93.49(0.00),84.33(nan),93.38(0.08),86.60(nan),93.41(0.16),87.49(nan),92.71(nan),92.96(nan),93.07(nan),93.07(nan),84.65(nan),93.07(nan),93.69(nan),93.69(nan),93.90(nan),93.95(nan),91.93(nan),94.49(0.32),93.37(0.93),94.49(0.32),93.20(nan),92.52(nan),94.49(0.32),90.64(0.61),93.93(0.46),94.66(0.18),94.49(0.35),94.38(0.16),94.66(0.18),94.34(0.41),94.68(0.25),94.66(0.18),91.04(1.12),94.77(0.32),94.67(0.28),94.75(0.34),94.84(0.35),92.58(0.86),93.55(0.65),94.34(0.49),94.53(0.15),94.41(0.09),94.35(0.29),94.34(0.52),94.31(0.50),93.88(0.40),93.65(0.31),93.58(0.54),94.55(0.23),94.46(0.16),94.27(0.53),94.73(0.31),94.84(0.35),94.65(0.29),94.65(0.42),87.76(1.16),94.55(0.23),94.67(0.44),94.81(0.25),94.63(0.20),94.78(0.36),94.53(0.18),,94.24(0.42),,93.63(0.31),92.67(0.95),92.78(1.08),92.80(0.99),93.00(0.44),91.41(1.03),50.49(0.05),83.79(2.17),87.90(nan),86.11(nan),80.79(nan),86.73(nan),85.59(nan),85.59(nan),46.84(nan),66.46,31.18(1.18),87.84(0.00),88.14(0.00),88.37(0.00),88.14(0.00),88.48(0.00),86.22(0.43)
wbc,100,86.97(nan),93.12(nan),,,,,95.22(nan),,,,,94.78(nan),,,,,,,,,,94.27(nan),94.27(nan),,,,,,,,,,,,,,,,,,,,,,,,,,,,88.96(nan),95.57(nan),,,,,,,,,,,,,,92.82(0.32),94.64(nan),,89.31(nan),,87.56(nan),,89.75(nan),,92.52(nan),,94.10(nan),,,88.44(nan),95.13(nan),,,,,,,,,,,,,,,,,,,,,,,,,,,,,,,,,,,,,,,,,,,,,,,,,,,,,,,,,,,,,,,,,,,,,,,,,,,,89.59(0.66)
wdbc,25,48.64(nan),79.52(nan),73.34(nan),52.05(nan),78.97(nan),76.07(nan),79.56(nan),79.56(nan),,80.61(nan),,77.43(nan),77.76(0.99),78.32(1.34),51.06(nan),77.25(nan),78.13(nan),,,50.47(nan),73.25(nan),78.75(nan),78.75(nan),75.50(1.28),75.43(1.48),75.28(1.53),74.78(1.90),75.54(1.48),75.29(1.91),75.57(1.62),79.62(nan),75.16(1.87),75.77(nan),,80.42(nan),80.61(nan),79.86(nan),50.85(1.38),79.15(1.63),50.71(0.88),77.98(nan),77.56(nan),78.74(1.55),,80.85(nan),79.99(1.36),,,56.04(nan),,53.28(nan),78.87(nan),,,,,,,52.68(1.83),51.62(1.46),,,,,76.75(1.58),49.83(0.31),80.67(nan),,50.53(nan),82.01(0.00),56.70(nan),,51.51(nan),84.61(0.75),54.53(nan),80.44(nan),75.97(nan),76.64(nan),76.54(nan),54.45(nan),73.98(nan),73.70(nan),73.70(nan),74.17(nan),,75.27(nan),79.34(1.37),,,,,79.34(1.37),,75.16(1.87),78.88(1.17),,,,,,,,,,,80.71(0.97),,,,,,,,,,,,,,,,,,,,,,,,,,,,,78.31(2.42),,,,,76.33(0.49),,49.40(0.32),49.54(nan),,,,,,48.61(nan),49.17,41.32(1.76),79.30(0.60),,,,,
wdbc,50,55.09(nan),88.16(nan),85.50(nan),64.69(nan),87.95(nan),85.60(nan),87.18(nan),87.18(nan),,87.95(nan),,86.48(nan),88.43(0.85),87.91(1.42),59.42(nan),87.94(nan),88.46(nan),,,62.22(nan),86.11(nan),86.05(nan),86.05(nan),86.25(1.59),86.01(1.68),86.18(1.51),86.21(1.88),86.03(1.60),85.35(1.99),86.03(1.69),87.67(nan),86.64(2.04),86.52(nan),,88.09(nan),87.57(nan),87.81(nan),57.95(2.47),88.01(1.29),57.28(3.09),87.24(nan),86.68(nan),87.88(1.26),,88.23(nan),88.14(1.08),,,63.05(nan),,54.37(nan),86.46(nan),,,,,,,59.55(1.41),58.10(2.29),,,,,85.88(0.89),50.21(0.56),89.37(nan),92.13(0.44),56.95(nan),91.54(0.00),63.27(nan),92.21(0.48),57.47(nan),91.95(0.19),64.43(nan),81.90(nan),86.64(nan),87.35(nan),87.26(nan),56.26(nan),87.71(nan),86.92(nan),86.35(nan),85.97(nan),,87.11(nan),86.74(0.79),,,,,86.74(0.79),,,87.43(1.43),,,,,,,,,,,87.75(1.24),,,,,,,,,,,,,,,,,,,,,,,,,,,,,88.63(1.37),,,,,80.98(1.28),,50.41(1.66),50.10(nan),,,,,,51.55(nan),53.48,41.32(1.21),83.30(0.75),,,,,
wdbc,75,62.98(nan),91.21(nan),90.54(nan),67.10(nan),92.63(nan),91.51(nan),92.49(nan),92.49(nan),92.49(nan),92.25(nan),92.25(nan),92.91(nan),92.69(1.48),92.55(1.47),64.39(nan),92.16(nan),91.64(nan),89.60(nan),91.35(nan),62.65(nan),91.13(nan),92.49(nan),92.49(nan),91.56(1.66),91.57(1.80),91.56(1.66),91.31(1.90),91.64(1.56),90.69(1.70),91.49(1.66),92.49(nan),91.31(1.78),92.35(nan),92.49(nan),92.49(nan),92.39(nan),92.25(nan),60.27(1.70),92.57(1.28),59.97(1.33),92.73(nan),92.58(nan),92.52(1.19),92.39(nan),92.49(nan),92.57(0.95),92.39(nan),92.39(nan),66.49(3.27),90.26(nan),59.13(nan),93.84(nan),71.31(nan),91.44(nan),71.31(nan),91.44(nan),91.82(nan),91.72(nan),62.42(1.21),62.99(7.85),91.68(nan),91.22(nan),88.17(nan),93.14(nan),91.43(0.67),51.39(2.09),91.63(nan),,55.65(nan),95.06(0.00),62.92(nan),93.73(0.42),58.97(nan),93.98(0.27),64.16(nan),88.22(nan),92.62(nan),92.67(nan),92.90(nan),63.96(nan),92.52(nan),92.47(nan),92.99(nan),92.75(nan),92.25(nan),89.85(nan),94.03(nan),,,88.93(nan),88.99(nan),92.02(2.15),81.16(1.46),91.31(1.78),92.27(1.79),91.83(1.71),88.22(1.95),92.09(1.95),92.06(1.90),92.28(1.94),92.27(1.79),63.21(1.35),92.63(1.58),92.45(1.86),92.47(1.88),92.46(1.61),68.06(3.52),67.01(1.69),92.46(1.61),92.41(1.13),92.59(1.42),93.34(0.49),93.42(0.52),93.49(0.32),92.84(0.35),92.87(0.50),92.65(0.22),92.07(1.81),91.48(2.02),89.39(2.75),92.06(2.32),92.46(1.61),92.57(1.21),92.45(0.91),60.67(2.31),92.07(1.81),92.12(2.11),92.76(1.63),92.13(1.98),92.49(1.74),92.22(1.60),,90.85(3.04),,93.12(0.84),92.21(0.88),92.41(0.69),92.37(0.93),92.70(0.57),85.05(2.27),49.04(0.84),50.48(1.26),50.99(nan),81.99(nan),86.28(nan),82.09(nan),57.52(nan),57.38(nan),50.95(nan),50.43,41.90(1.32),59.15(13.19),57.04(22.31),54.37(24.15),57.04(22.31),58.94(21.13),75.01(0.58)
wdbc,100,80.67(nan),91.58(nan),,,,,94.18(nan),,,,,93.71(nan),,,,,,,,,,93.66(nan),93.66(nan),,,,,,,,,,,,,,,,,,,,,,,,,,,,79.77(nan),95.25(nan),,,,,,,,,,,,,,75.23(12.34),87.37(nan),,80.14(nan),,84.92(nan),,82.34(nan),,82.10(nan),,94.03(nan),,,81.59(nan),93.65(nan),,,,,,,,,,,,,,,,,,,,,,,,,,,,,,,,,,,,,,,,,,,,,,,,,,,,,,,,,,,,,,,,,,,,,,,,,,,,79.25(1.75)
weather,25,52.89(nan),55.17(nan),55.33(nan),52.80(nan),55.50(nan),56.00(nan),56.90(nan),56.90(nan),,55.24(nan),,56.70(nan),55.01(0.23),54.92(0.26),51.32(nan),55.18(nan),55.19(nan),,,50.14(nan),55.91(nan),57.11(nan),57.11(nan),55.12(0.19),55.14(0.18),55.23(0.19),55.19(0.10),55.08(0.24),55.17(0.26),55.15(0.14),54.90(nan),55.27(0.21),56.94(nan),,54.87(nan),55.33(nan),54.95(nan),50.89(0.09),55.03(0.19),50.83(0.16),55.32(nan),55.23(nan),55.06(0.20),,55.18(nan),55.22(0.04),,,51.61(nan),,51.62(nan),57.03(nan),,,,,,,50.01(0.03),51.93(0.21),,,,,55.77(0.22),50.01(0.01),55.68(nan),,51.35(nan),51.46(0.00),50.18(nan),,51.77(nan),54.67(0.19),51.86(nan),53.01(nan),56.73(nan),56.12(nan),56.51(nan),50.96(nan),55.23(nan),55.23(nan),55.43(nan),55.53(nan),,55.37(nan),55.16(0.25),,,,,55.16(0.25),,55.25(0.20),55.14(0.21),,,,,,,,,,,58.07(0.45),,,,,,,,,,,,,,,,,,,,,,,,,,,,,55.50(0.24),,,,,54.16(0.76),,50.00(0.01),49.99(nan),,,,,,50.92(0.00),54.34,49.90(0.02),52.71(0.23),,,,,57.06(0.22)
weather,50,54.46(nan),61.34(nan),61.62(nan),53.07(nan),61.80(nan),61.84(nan),62.66(nan),62.66(nan),,61.36(nan),,62.45(nan),61.40(0.27),61.41(0.40),51.15(nan),61.68(nan),61.26(nan),,,50.42(nan),62.41(nan),62.89(nan),62.89(nan),61.70(0.34),61.60(0.24),61.68(0.26),61.53(0.19),61.72(0.22),61.74(0.32),61.62(0.31),61.40(nan),61.44(0.22),62.80(nan),,61.38(nan),61.23(nan),61.41(nan),51.17(0.16),61.53(0.18),51.08(0.25),61.43(nan),61.65(nan),61.52(0.35),,61.20(nan),61.46(0.23),,,52.29(nan),,51.96(nan),62.03(nan),,,,,,,50.10(0.07),57.08(0.43),,,,,62.10(0.08),50.00(0.01),61.07(nan),58.93(0.12),51.99(nan),53.09(0.00),50.77(nan),58.80(0.17),52.16(nan),59.37(0.20),53.33(nan),56.24(nan),61.98(nan),62.10(nan),61.86(nan),51.09(nan),61.31(nan),62.02(nan),62.15(nan),62.10(nan),,61.37(nan),61.45(0.40),,,,,61.45(0.40),,,61.36(0.26),,,,,,,,,,,63.91(0.18),,,,,,,,,,,,,,,,,,,,,,,,,,,,,61.41(0.33),,,,,60.36(0.85),,50.00(0.02),55.09(nan),,,,,,54.30(0.00),56.19,49.98(0.01),56.53(0.16),,,,,63.47(0.27)
weather,75,56.87(nan),66.70(nan),66.89(nan),53.51(nan),66.88(nan),66.82(nan),68.27(nan),68.27(nan),,66.82(nan),66.82(nan),68.16(nan),66.86(0.27),66.80(0.27),51.41(nan),66.82(nan),66.70(nan),66.35(nan),66.30(nan),51.16(nan),66.70(nan),67.79(nan),67.79(nan),66.80(0.28),66.93(0.19),66.87(0.32),66.76(0.19),67.00(0.23),67.19(0.30),66.90(0.34),66.79(nan),66.68(0.24),68.17(nan),66.82(nan),66.67(nan),66.84(nan),66.93(nan),51.56(0.23),66.95(0.18),51.61(0.24),66.98(nan),67.13(nan),67.04(0.16),66.91(nan),66.86(nan),66.86(0.07),66.79(nan),66.94(nan),52.98(0.54),69.67(nan),52.84(nan),67.13(nan),51.87(nan),66.74(nan),51.87(nan),66.74(nan),67.66(nan),67.51(nan),50.11(0.08),62.86(0.48),67.45(nan),67.82(nan),67.78(nan),66.63(nan),67.03(0.30),50.03(0.03),66.06(nan),,53.15(nan),59.46(0.00),53.60(nan),,54.30(nan),63.80(0.32),54.90(nan),46.84(nan),66.96(nan),66.69(nan),66.88(nan),51.20(nan),66.31(nan),67.14(nan),67.04(nan),66.55(nan),66.80(nan),66.74(nan),66.65(nan),,,66.00(nan),65.84(nan),66.72(0.20),,66.65(0.20),66.70(0.13),,62.10(1.99),66.70(0.13),66.68(0.18),66.63(0.26),66.70(0.13),51.49(0.46),71.27(0.12),67.63(0.22),68.42(0.20),68.73(0.14),61.50(3.63),61.31(1.31),68.73(0.14),68.66(0.12),68.69(0.13),66.97(0.54),67.15(0.69),67.15(0.56),64.00(0.76),64.12(0.56),62.81(0.39),68.59(0.12),68.61(0.09),68.63(0.22),68.72(0.07),68.73(0.14),68.83(0.19),68.74(0.26),51.51(0.46),68.59(0.12),68.57(0.10),70.41(0.07),66.73(0.27),68.67(0.16),68.59(0.16),,,,66.48(0.42),,,,,67.48(0.47),,50.02(0.04),60.73(nan),60.83(nan),52.56(nan),60.68(nan),54.32(nan),52.83(nan),57.83(nan),57.92,50.00(0.00),49.57(0.77),,,,,67.91(0.13)
weather,100,63.98(nan),73.70(nan),,,,,75.00(nan),,,,,74.90(nan),,,,,,,,,,74.65(nan),74.65(nan),,,,,,,,,,,,,,,,,,,,,,,,,,,,58.14(nan),73.82(nan),,,,,,,,,,,,,,57.33(0.69),73.65(nan),,63.16(nan),,60.94(nan),,64.27(nan),,63.95(nan),,73.87(nan),,,52.11(nan),73.79(nan),,,,,,,,,,,,,,,,,,,,,,,,,,,,,,,,,,,,,,,,,,,,,,,,,,,,,,,,,,,,,,,,,,,,,,,,,,,,71.62(0.16)
wpbc,25,53.83(nan),52.27(nan),50.80(nan),49.05(nan),,,,,,,,,,,48.65(nan),50.21(nan),50.21(nan),,,50.44(nan),49.55(nan),,,,,,,,,,,,49.88(nan),,,,,,,,,,,,,,,,52.43(nan),,57.02(nan),51.54(nan),,,,,,,50.11(0.92),,,,,,,49.93(1.40),46.24(nan),,55.29(nan),49.41(0.00),51.39(nan),,54.89(nan),49.52(1.86),53.49(nan),49.43(nan),46.50(nan),46.17(nan),45.84(nan),53.76(nan),51.35(nan),51.13(nan),51.13(nan),51.13(nan),,,,,,,,,,,,,,,,,,,,,,,,,,,,,,,,,,,,,,,,,,,,,,,,,,,,,,,,49.93(0.15),,49.89(2.45),50.28(nan),,,,,,,,,,,,,,
wpbc,50,57.82(nan),50.94(nan),51.54(nan),53.23(nan),,,,,,,,,,,54.30(nan),53.33(nan),51.54(nan),,,53.45(nan),54.07(nan),,,,,,,,,,,,54.40(nan),,,,,,,,,,,,,,,,56.16(nan),,53.04(nan),50.14(nan),,,,,,,51.51(1.37),,,,,,,49.74(0.72),53.83(nan),53.26(0.77),50.44(nan),51.49(0.00),60.23(nan),53.82(1.15),49.52(nan),50.28(0.93),52.31(nan),51.08(nan),51.01(nan),49.95(nan),49.95(nan),52.76(nan),52.74(nan),50.80(nan),50.80(nan),51.54(nan),,,,,,,,,,,,,,,,,,,,,,,,,,,,,,,,,,,,,,,,,,,,,,,,,,,,,,,,49.93(0.15),,50.78(2.39),49.22(nan),,,,,,,,,,,,,,
wpbc,75,52.38(nan),52.36(nan),54.33(nan),56.57(nan),,,,,,,,,,,54.04(nan),50.87(nan),50.47(nan),,,58.29(nan),50.14(nan),,,,,,,,,,,,51.20(nan),,,,,,,,,,,,,,,,53.24(1.39),50.40(nan),51.91(nan),49.15(nan),56.09(nan),49.74(nan),56.09(nan),49.74(nan),48.01(nan),49.41(nan),51.97(1.02),,,,,,,51.32(1.87),49.81(nan),,53.30(nan),55.69(0.00),51.67(nan),55.64(1.02),53.64(nan),56.17(0.84),53.64(nan),57.04(nan),50.28(nan),49.95(nan),49.95(nan),54.11(nan),53.80(nan),49.41(nan),49.41(nan),49.41(nan),,,,,,,,,,,,,,,,,,,,,,,,,,,,,,,,,,,,,,,,,,,,,,,,,,,,,,,,49.87(0.30),,50.51(0.65),48.82(nan),49.78(0.58),,,,,,,,,,,,,50.09(0.17)
wpbc,100,55.76(nan),51.63(nan),,,,,,,,,,,,,,,,,,,,,,,,,,,,,,,,,,,,,,,,,,,,,,,,,59.48(nan),48.49(nan),,,,,,,,,,,,,,51.54(2.26),53.99(nan),,52.97(nan),,64.58(nan),,56.76(nan),,56.43(nan),,49.15(nan),,,58.88(nan),52.67(nan),,,,,,,,,,,,,,,,,,,,,,,,,,,,,,,,,,,,,,,,,,,,,,,,,,,,,,,,,,,,,,,,,,,,,,,,,,,,50.09(0.17)
